2026-09-04T06:58:26.0457570Z Current runner version: '2.337.0'
2026-09-04T06:58:26.0481540Z ##[group]Runner Image Provisioner
2026-09-04T06:58:26.0482160Z Hosted Compute Agent
2026-09-04T06:58:26.0482560Z Version: 20260707.563
2026-09-04T06:58:26.0483070Z Commit: 02667638d2b423fbc733a8e32a88b44996a3ba6e
2026-09-04T06:58:26.0483550Z Build Date: 2026-07-07T19:33:50Z
2026-09-04T06:58:26.0484020Z Worker ID: {5b1dadf8-8842-46ea-8bca-4b129b3e2148}
2026-09-04T06:58:26.0484500Z Azure Region: westus
2026-09-04T06:58:26.0484900Z ##[endgroup]
2026-09-04T06:58:26.0485910Z ##[group]Operating System
2026-09-04T06:58:26.0486360Z macOS
2026-09-04T06:58:26.0486710Z 26.5.2
2026-09-04T06:58:26.0487110Z 25F84
2026-09-04T06:58:26.0487490Z ##[endgroup]
2026-09-04T06:58:26.0487850Z ##[group]Runner Image
2026-09-04T06:58:26.0532920Z Image: macos-26-arm64
2026-09-04T06:58:26.0533610Z Version: 20260728.0273.1
2026-09-04T06:58:26.0535080Z Included Software: https://github.com/actions/runner-images/blob/macos-26-arm64/20260728.0273/images/macos/macos-26-arm64-Readme.md
2026-09-04T06:58:26.0536330Z Image Release: https://github.com/actions/runner-images/releases/tag/macos-26-arm64%2F20260728.0273
2026-09-04T06:58:26.0536990Z ##[endgroup]
2026-09-04T06:58:26.0537820Z ##[group]GITHUB_TOKEN Permissions
2026-09-04T06:58:26.0539790Z Contents: read
2026-09-04T06:58:26.0540150Z Metadata: read
2026-09-04T06:58:26.0540510Z Packages: read
2026-09-04T06:58:26.0540880Z ##[endgroup]
2026-09-04T06:58:26.0542550Z Secret source: Actions
2026-09-04T06:58:26.0543190Z Prepare workflow directory
2026-09-04T06:58:26.0853340Z Prepare all required actions
2026-09-04T06:58:26.0896600Z Getting action download info
2026-09-04T06:58:26.5000570Z Download action repository 'actions/checkout@v4' (SHA:11d5960a326750d5838078e36cf38b85af677262)
2026-09-04T06:58:26.7769110Z Download action repository 'actions/upload-artifact@v4' (SHA:ea165f8d65b6e75b540449e92b4886f43607fa02)
2026-09-04T06:58:27.0142110Z Complete job name: Build unsigned IPA
2026-09-04T06:58:27.0808870Z Node 20 is being deprecated. This workflow is running with Node 24 by default. If you need to temporarily use Node 20, you can set the ACTIONS_ALLOW_USE_UNSECURE_NODE_VERSION=true environment variable. For more information see: https://github.blog/changelog/2025-09-19-deprecation-of-node-20-on-github-actions-runners/
2026-09-04T06:58:27.0818510Z ##[group]Run actions/checkout@v4
2026-09-04T06:58:27.0819070Z with:
2026-09-04T06:58:27.0819480Z   repository: zhengliangs/kejinzhiwang-ios
2026-09-04T06:58:27.0822530Z   token: ***
2026-09-04T06:58:27.0831630Z   ssh-strict: true
2026-09-04T06:58:27.0832550Z   ssh-user: git
2026-09-04T06:58:27.0832900Z   persist-credentials: true
2026-09-04T06:58:27.0833340Z   clean: true
2026-09-04T06:58:27.0833670Z   sparse-checkout-cone-mode: true
2026-09-04T06:58:27.0834050Z   fetch-depth: 1
2026-09-04T06:58:27.0834370Z   fetch-tags: false
2026-09-04T06:58:27.0834690Z   show-progress: true
2026-09-04T06:58:27.0835020Z   lfs: false
2026-09-04T06:58:27.0835390Z   submodules: false
2026-09-04T06:58:27.0835790Z   set-safe-directory: true
2026-09-04T06:58:27.0836180Z   allow-unsafe-pr-checkout: false
2026-09-04T06:58:27.0837530Z ##[endgroup]
2026-09-04T06:58:27.5410240Z Syncing repository: zhengliangs/kejinzhiwang-ios
2026-09-04T06:58:27.5411840Z ##[group]Getting Git version info
2026-09-04T06:58:27.5412500Z Working directory is '/Users/runner/work/kejinzhiwang-ios/kejinzhiwang-ios'
2026-09-04T06:58:27.5413500Z [command]/opt/homebrew/bin/git version
2026-09-04T06:58:27.5789450Z git version 2.55.0
2026-09-04T06:58:27.5809630Z ##[endgroup]
2026-09-04T06:58:27.5817320Z Copying '/Users/runner/.gitconfig' to '/Users/runner/work/_temp/7cbf811e-9943-4073-98d0-a8a2d6bf5270/.gitconfig'
2026-09-04T06:58:27.5838480Z Temporarily overriding HOME='/Users/runner/work/_temp/7cbf811e-9943-4073-98d0-a8a2d6bf5270' before making global git config changes
2026-09-04T06:58:27.5839980Z Adding repository directory to the temporary git global config as a safe directory
2026-09-04T06:58:27.5841050Z [command]/opt/homebrew/bin/git config --global --add safe.directory /Users/runner/work/kejinzhiwang-ios/kejinzhiwang-ios
2026-09-04T06:58:27.6006250Z Deleting the contents of '/Users/runner/work/kejinzhiwang-ios/kejinzhiwang-ios'
2026-09-04T06:58:27.6012600Z ##[group]Initializing the repository
2026-09-04T06:58:27.6022780Z [command]/opt/homebrew/bin/git init /Users/runner/work/kejinzhiwang-ios/kejinzhiwang-ios
2026-09-04T06:58:27.6342490Z hint: Using 'master' as the name for the initial branch. This default branch name
2026-09-04T06:58:27.6346070Z hint: will change to "main" in Git 3.0. To configure the initial branch name
2026-09-04T06:58:27.6349400Z hint: to use in all of your new repositories, which will suppress this warning,
2026-09-04T06:58:27.6350200Z hint: call:
2026-09-04T06:58:27.6350550Z hint:
2026-09-04T06:58:27.6350990Z hint: 	git config --global init.defaultBranch <name>
2026-09-04T06:58:27.6351490Z hint:
2026-09-04T06:58:27.6352000Z hint: Names commonly chosen instead of 'master' are 'main', 'trunk' and
2026-09-04T06:58:27.6352750Z hint: 'development'. The just-created branch can be renamed via this command:
2026-09-04T06:58:27.6353490Z hint:
2026-09-04T06:58:27.6354090Z hint: 	git branch -m <name>
2026-09-04T06:58:27.6354640Z hint:
2026-09-04T06:58:27.6355190Z hint: Disable this message with "git config set advice.defaultBranchName false"
2026-09-04T06:58:27.6356340Z Initialized empty Git repository in /Users/runner/work/kejinzhiwang-ios/kejinzhiwang-ios/.git/
2026-09-04T06:58:27.6362930Z [command]/opt/homebrew/bin/git remote add origin https://github.com/zhengliangs/kejinzhiwang-ios
2026-09-04T06:58:27.6474390Z ##[endgroup]
2026-09-04T06:58:27.6475430Z ##[group]Disabling automatic garbage collection
2026-09-04T06:58:27.6476150Z [command]/opt/homebrew/bin/git config --local gc.auto 0
2026-09-04T06:58:27.6565550Z ##[endgroup]
2026-09-04T06:58:27.6567100Z ##[group]Setting up auth
2026-09-04T06:58:27.6577470Z [command]/opt/homebrew/bin/git config --local --name-only --get-regexp core\.sshCommand
2026-09-04T06:58:27.6664120Z [command]/opt/homebrew/bin/git submodule foreach --recursive sh -c "git config --local --name-only --get-regexp 'core\.sshCommand' && git config --local --unset-all 'core.sshCommand' || :"
2026-09-04T06:58:27.8177220Z [command]/opt/homebrew/bin/git config --local --name-only --get-regexp http\.https\:\/\/github\.com\/\.extraheader
2026-09-04T06:58:27.8310510Z [command]/opt/homebrew/bin/git submodule foreach --recursive sh -c "git config --local --name-only --get-regexp 'http\.https\:\/\/github\.com\/\.extraheader' && git config --local --unset-all 'http.https://github.com/.extraheader' || :"
2026-09-04T06:58:27.9697000Z [command]/opt/homebrew/bin/git config --local --name-only --get-regexp ^includeIf\.gitdir:
2026-09-04T06:58:28.0006060Z [command]/opt/homebrew/bin/git submodule foreach --recursive git config --local --show-origin --name-only --get-regexp remote.origin.url
2026-09-04T06:58:28.1493900Z [command]/opt/homebrew/bin/git config --local http.https://github.com/.extraheader AUTHORIZATION: basic ***
2026-09-04T06:58:28.2034040Z ##[endgroup]
2026-09-04T06:58:28.2035670Z ##[group]Fetching the repository
2026-09-04T06:58:28.2050240Z [command]/opt/homebrew/bin/git -c protocol.version=2 fetch --no-tags --prune --no-recurse-submodules --depth=1 origin +b8e459514df283d8b5fc9f00b70fe0855821bf7e:refs/remotes/origin/main
2026-09-04T06:58:28.9017070Z From https://github.com/zhengliangs/kejinzhiwang-ios
2026-09-04T06:58:28.9019150Z  * [new ref]         b8e459514df283d8b5fc9f00b70fe0855821bf7e -> origin/main
2026-09-04T06:58:28.9042900Z ##[endgroup]
2026-09-04T06:58:28.9046740Z ##[group]Determining the checkout info
2026-09-04T06:58:28.9052710Z ##[endgroup]
2026-09-04T06:58:28.9054970Z [command]/opt/homebrew/bin/git sparse-checkout disable
2026-09-04T06:58:28.9146480Z [command]/opt/homebrew/bin/git config --local --unset-all extensions.worktreeConfig
2026-09-04T06:58:28.9230170Z ##[group]Checking out the ref
2026-09-04T06:58:28.9240940Z [command]/opt/homebrew/bin/git checkout --progress --force -B main refs/remotes/origin/main
2026-09-04T06:58:28.9635160Z Switched to a new branch 'main'
2026-09-04T06:58:28.9639710Z branch 'main' set up to track 'origin/main'.
2026-09-04T06:58:28.9645910Z ##[endgroup]
2026-09-04T06:58:28.9750570Z [command]/opt/homebrew/bin/git log -1 --format=%H
2026-09-04T06:58:28.9833810Z b8e459514df283d8b5fc9f00b70fe0855821bf7e
2026-09-04T06:58:29.0143830Z ##[group]Run sudo xcode-select -s /Applications/Xcode.app/Contents/Developer
2026-09-04T06:58:29.0145600Z [36;1msudo xcode-select -s /Applications/Xcode.app/Contents/Developer[0m
2026-09-04T06:58:29.0225920Z shell: /bin/bash -e {0}
2026-09-04T06:58:29.0226680Z ##[endgroup]
2026-09-04T06:58:29.1282770Z ##[group]Run brew install xcodegen
2026-09-04T06:58:29.1283590Z [36;1mbrew install xcodegen[0m
2026-09-04T06:58:29.1317530Z shell: /bin/bash -e {0}
2026-09-04T06:58:29.1318240Z ##[endgroup]
2026-09-04T06:58:32.8781670Z ##[warning]The following taps are not trusted:
  aws/tap

Homebrew is currently ignoring formulae, casks and commands from these taps because tap trust is required.

Untap them with:
  brew untap aws/tap
Trust specific formulae, casks and commands with:
  brew trust --formula <user>/<tap>/<formula>
  brew trust --cask <user>/<tap>/<cask>
  brew trust --command <user>/<tap>/<command>
Whole-tap trust is broader and includes all current and future formulae,
casks and commands from the listed taps. Trust whole taps with:
  brew trust aws/tap
To disable trust checks:
  export HOMEBREW_NO_REQUIRE_TAP_TRUST=1
This is not recommended and will be removed in a later release.
For more information, see:
  https://docs.brew.sh/Tap-Trust
2026-09-04T06:58:33.7153360Z [34m==>[0m [1mWould install 1 formula:[0m
2026-09-04T06:58:33.7154020Z xcodegen
2026-09-04T06:58:33.7288230Z [34m==>[0m [1mDownloading https://ghcr.io/v2/homebrew/core/xcodegen/manifests/2.46.0-1[0m
2026-09-04T06:58:34.0729290Z [32m==>[0m [1mFetching downloads for: [32mxcodegen[39m[0m
2026-09-04T06:58:34.4180180Z ✔︎ Bottle xcodegen (2.46.0)
2026-09-04T06:58:34.4706950Z [34m==>[0m [1mPouring xcodegen--2.46.0.arm64_tahoe.bottle.1.tar.gz[0m
2026-09-04T06:58:34.6026230Z 🍺  /opt/homebrew/Cellar/xcodegen/2.46.0: 38 files, 7.4MB
2026-09-04T06:58:34.6981010Z ##[group]Run xcodegen generate
2026-09-04T06:58:34.6981350Z [36;1mxcodegen generate[0m
2026-09-04T06:58:34.7022720Z shell: /bin/bash -e {0}
2026-09-04T06:58:34.7022990Z ##[endgroup]
2026-09-04T06:58:34.8067440Z ⚙️  Generating plists...
2026-09-04T06:58:34.8108040Z ⚙️  Generating project...
2026-09-04T06:58:34.8316820Z ⚙️  Writing project...
2026-09-04T06:58:34.8470890Z Created project at /Users/runner/work/kejinzhiwang-ios/kejinzhiwang-ios/KejinZhiWang.xcodeproj
2026-09-04T06:58:34.8551820Z ##[group]Run set -o pipefail
2026-09-04T06:58:34.8552120Z [36;1mset -o pipefail[0m
2026-09-04T06:58:34.8552320Z [36;1mmkdir -p "$BUILD_DIR"[0m
2026-09-04T06:58:34.8552530Z [36;1mxcodebuild archive \[0m
2026-09-04T06:58:34.8552770Z [36;1m  -project KejinZhiWang.xcodeproj \[0m
2026-09-04T06:58:34.8553040Z [36;1m  -scheme KejinZhiWang \[0m
2026-09-04T06:58:34.8553320Z [36;1m  -configuration Release \[0m
2026-09-04T06:58:34.8553800Z [36;1m  -destination 'generic/platform=iOS' \[0m
2026-09-04T06:58:34.8554130Z [36;1m  -archivePath "$BUILD_DIR/KejinZhiWang.xcarchive" \[0m
2026-09-04T06:58:34.8555020Z [36;1m  CODE_SIGNING_ALLOWED=NO \[0m
2026-09-04T06:58:34.8555310Z [36;1m  CODE_SIGNING_REQUIRED=NO \[0m
2026-09-04T06:58:34.8555570Z [36;1m  CODE_SIGN_IDENTITY="" \[0m
2026-09-04T06:58:34.8555820Z [36;1m  PROVISIONING_PROFILE_SPECIFIER="" \[0m
2026-09-04T06:58:34.8565790Z [36;1m  | tee "$BUILD_DIR/build.log"[0m
2026-09-04T06:58:34.8566300Z [36;1m# 归档失败（无 .app 产物）时，打包步骤会报错并回显日志尾部[0m
2026-09-04T06:58:34.8613500Z shell: /bin/bash -e {0}
2026-09-04T06:58:34.8614140Z env:
2026-09-04T06:58:34.8614990Z   BUILD_DIR: /Users/runner/work/kejinzhiwang-ios/kejinzhiwang-ios/build
2026-09-04T06:58:34.8615390Z ##[endgroup]
2026-09-04T06:58:36.9441970Z Command line invocation:
2026-09-04T06:58:36.9446690Z     /Applications/Xcode_26.6.app/Contents/Developer/usr/bin/xcodebuild archive -project KejinZhiWang.xcodeproj -scheme KejinZhiWang -configuration Release -destination generic/platform=iOS -archivePath /Users/runner/work/kejinzhiwang-ios/kejinzhiwang-ios/build/KejinZhiWang.xcarchive CODE_SIGNING_ALLOWED=NO CODE_SIGNING_REQUIRED=NO CODE_SIGN_IDENTITY= PROVISIONING_PROFILE_SPECIFIER=
2026-09-04T06:58:37.0171310Z 
2026-09-04T06:58:37.0171640Z Build settings from command line:
2026-09-04T06:58:37.0171960Z     CODE_SIGN_IDENTITY = 
2026-09-04T06:58:37.0172240Z     CODE_SIGNING_ALLOWED = NO
2026-09-04T06:58:37.0172630Z     CODE_SIGNING_REQUIRED = NO
2026-09-04T06:58:37.0173190Z     PROVISIONING_PROFILE_SPECIFIER = 
2026-09-04T06:58:37.0173410Z 
2026-09-04T06:58:43.6818690Z note: Using codesigning identity override: 
2026-09-04T06:58:44.9020990Z ComputePackagePrebuildTargetDependencyGraph
2026-09-04T06:58:45.0423100Z 
2026-09-04T06:58:45.0536050Z Prepare packages
2026-09-04T06:58:45.0563250Z 
2026-09-04T06:58:45.0605960Z CreateBuildRequest
2026-09-04T06:58:45.0649090Z 
2026-09-04T06:58:45.0677540Z SendProjectDescription
2026-09-04T06:58:45.0706490Z 
2026-09-04T06:58:45.0834930Z CreateBuildOperation
2026-09-04T06:58:45.0896710Z 
2026-09-04T06:58:45.0903050Z ComputeTargetDependencyGraph
2026-09-04T06:58:45.1124300Z note: Building targets in dependency order
2026-09-04T06:58:45.1148330Z note: Target dependency graph (1 target)
2026-09-04T06:58:45.1182940Z     Target 'KejinZhiWang' in project 'KejinZhiWang' (no dependencies)
2026-09-04T06:58:45.1183770Z 
2026-09-04T06:58:45.1183960Z GatherProvisioningInputs
2026-09-04T06:58:45.1184290Z 
2026-09-04T06:58:45.1267250Z CreateBuildDescription
2026-09-04T06:58:45.1976000Z 
2026-09-04T06:58:45.1977260Z ExecuteExternalTool /Applications/Xcode_26.6.app/Contents/Developer/usr/bin/actool --print-asset-tag-combinations --output-format xml1 /Users/runner/work/kejinzhiwang-ios/kejinzhiwang-ios/Resources/Assets.xcassets
2026-09-04T06:58:52.2037520Z 
2026-09-04T06:58:52.2142550Z ExecuteExternalTool /Applications/Xcode_26.6.app/Contents/Developer/Toolchains/XcodeDefault.xctoolchain/usr/bin/clang -v -E -dM -isysroot /Applications/Xcode_26.6.app/Contents/Developer/Platforms/iPhoneOS.platform/Developer/SDKs/iPhoneOS26.5.sdk -x c -c /dev/null
2026-09-04T06:58:52.2271440Z 
2026-09-04T06:58:52.2328600Z ExecuteExternalTool /Applications/Xcode_26.6.app/Contents/Developer/usr/bin/actool --version --output-format xml1
2026-09-04T06:58:52.2331860Z 
2026-09-04T06:58:52.2333320Z ExecuteExternalTool /Applications/Xcode_26.6.app/Contents/Developer/Toolchains/XcodeDefault.xctoolchain/usr/bin/swiftc --version
2026-09-04T06:58:54.3004320Z 
2026-09-04T06:58:54.3245560Z ExecuteExternalTool /Applications/Xcode_26.6.app/Contents/Developer/Toolchains/XcodeDefault.xctoolchain/usr/bin/ld -version_details
2026-09-04T06:58:54.6332980Z 
2026-09-04T06:58:54.6676980Z Build description signature: bdf1522a5b0b8e756293e94dfbaf1911
2026-09-04T06:58:54.6782010Z Build description path: /Users/runner/Library/Developer/Xcode/DerivedData/KejinZhiWang-amdlcdptztoppfeghpacesdxlyrx/Build/Intermediates.noindex/ArchiveIntermediates/KejinZhiWang/IntermediateBuildFilesPath/XCBuildData/bdf1522a5b0b8e756293e94dfbaf1911.xcbuilddata
2026-09-04T06:58:54.7479830Z CreateBuildDirectory /Users/runner/Library/Developer/Xcode/DerivedData/KejinZhiWang-amdlcdptztoppfeghpacesdxlyrx/Build/Intermediates.noindex/ArchiveIntermediates/KejinZhiWang/IntermediateBuildFilesPath
2026-09-04T06:58:54.7602190Z     cd /Users/runner/work/kejinzhiwang-ios/kejinzhiwang-ios/KejinZhiWang.xcodeproj
2026-09-04T06:58:54.7714100Z     builtin-create-build-directory /Users/runner/Library/Developer/Xcode/DerivedData/KejinZhiWang-amdlcdptztoppfeghpacesdxlyrx/Build/Intermediates.noindex/ArchiveIntermediates/KejinZhiWang/IntermediateBuildFilesPath
2026-09-04T06:58:54.8292380Z 
2026-09-04T06:58:54.8410500Z CreateBuildDirectory /Users/runner/Library/Developer/Xcode/DerivedData/KejinZhiWang-amdlcdptztoppfeghpacesdxlyrx/Build/Intermediates.noindex/ArchiveIntermediates/KejinZhiWang/InstallationBuildProductsLocation
2026-09-04T06:58:54.8512890Z     cd /Users/runner/work/kejinzhiwang-ios/kejinzhiwang-ios/KejinZhiWang.xcodeproj
2026-09-04T06:58:54.8683560Z     builtin-create-build-directory /Users/runner/Library/Developer/Xcode/DerivedData/KejinZhiWang-amdlcdptztoppfeghpacesdxlyrx/Build/Intermediates.noindex/ArchiveIntermediates/KejinZhiWang/InstallationBuildProductsLocation
2026-09-04T06:58:54.8685160Z 
2026-09-04T06:58:54.8685860Z CreateBuildDirectory /Users/runner/Library/Developer/Xcode/DerivedData/KejinZhiWang-amdlcdptztoppfeghpacesdxlyrx/Build/Intermediates.noindex/ArchiveIntermediates/KejinZhiWang/BuildProductsPath
2026-09-04T06:58:54.8686780Z     cd /Users/runner/work/kejinzhiwang-ios/kejinzhiwang-ios/KejinZhiWang.xcodeproj
2026-09-04T06:58:54.8687770Z     builtin-create-build-directory /Users/runner/Library/Developer/Xcode/DerivedData/KejinZhiWang-amdlcdptztoppfeghpacesdxlyrx/Build/Intermediates.noindex/ArchiveIntermediates/KejinZhiWang/BuildProductsPath
2026-09-04T06:58:54.8688450Z 
2026-09-04T06:58:54.8689670Z ClangStatCache /Applications/Xcode_26.6.app/Contents/Developer/Toolchains/XcodeDefault.xctoolchain/usr/bin/clang-stat-cache /Applications/Xcode_26.6.app/Contents/Developer/Platforms/iPhoneOS.platform/Developer/SDKs/iPhoneOS26.5.sdk /Users/runner/Library/Developer/Xcode/DerivedData/SDKStatCaches.noindex/iphoneos26.5-23F81a-688ef53f1462e2c8f657fdc38a81448fee66e23052a0157c865c76b268046726.sdkstatcache
2026-09-04T06:58:54.8691280Z     cd /Users/runner/work/kejinzhiwang-ios/kejinzhiwang-ios/KejinZhiWang.xcodeproj
2026-09-04T06:58:54.8692840Z     /Applications/Xcode_26.6.app/Contents/Developer/Toolchains/XcodeDefault.xctoolchain/usr/bin/clang-stat-cache /Applications/Xcode_26.6.app/Contents/Developer/Platforms/iPhoneOS.platform/Developer/SDKs/iPhoneOS26.5.sdk -o /Users/runner/Library/Developer/Xcode/DerivedData/SDKStatCaches.noindex/iphoneos26.5-23F81a-688ef53f1462e2c8f657fdc38a81448fee66e23052a0157c865c76b268046726.sdkstatcache
2026-09-04T06:59:02.2944840Z 
2026-09-04T06:59:02.3050620Z WriteAuxiliaryFile /Users/runner/Library/Developer/Xcode/DerivedData/KejinZhiWang-amdlcdptztoppfeghpacesdxlyrx/Build/Intermediates.noindex/ArchiveIntermediates/KejinZhiWang/IntermediateBuildFilesPath/KejinZhiWang.build/Release-iphoneos/KejinZhiWang-638463beeca43e91849139443d6c3727-VFS-iphoneos/all-product-headers.yaml
2026-09-04T06:59:02.3149070Z     cd /Users/runner/work/kejinzhiwang-ios/kejinzhiwang-ios/KejinZhiWang.xcodeproj
2026-09-04T06:59:02.3281090Z     write-file /Users/runner/Library/Developer/Xcode/DerivedData/KejinZhiWang-amdlcdptztoppfeghpacesdxlyrx/Build/Intermediates.noindex/ArchiveIntermediates/KejinZhiWang/IntermediateBuildFilesPath/KejinZhiWang.build/Release-iphoneos/KejinZhiWang-638463beeca43e91849139443d6c3727-VFS-iphoneos/all-product-headers.yaml
2026-09-04T06:59:02.3373690Z 
2026-09-04T06:59:02.3489800Z CreateBuildDirectory /Users/runner/Library/Developer/Xcode/DerivedData/KejinZhiWang-amdlcdptztoppfeghpacesdxlyrx/Build/Intermediates.noindex/ArchiveIntermediates/KejinZhiWang/IntermediateBuildFilesPath/SwiftExplicitPrecompiledModules
2026-09-04T06:59:02.3608760Z     cd /Users/runner/work/kejinzhiwang-ios/kejinzhiwang-ios/KejinZhiWang.xcodeproj
2026-09-04T06:59:02.3613870Z     builtin-create-build-directory /Users/runner/Library/Developer/Xcode/DerivedData/KejinZhiWang-amdlcdptztoppfeghpacesdxlyrx/Build/Intermediates.noindex/ArchiveIntermediates/KejinZhiWang/IntermediateBuildFilesPath/SwiftExplicitPrecompiledModules
2026-09-04T06:59:02.3717510Z 
2026-09-04T06:59:02.3833890Z CreateBuildDirectory /Users/runner/Library/Developer/Xcode/DerivedData/KejinZhiWang-amdlcdptztoppfeghpacesdxlyrx/Build/Intermediates.noindex/ArchiveIntermediates/KejinZhiWang/IntermediateBuildFilesPath/ExplicitPrecompiledModules
2026-09-04T06:59:02.3954900Z     cd /Users/runner/work/kejinzhiwang-ios/kejinzhiwang-ios/KejinZhiWang.xcodeproj
2026-09-04T06:59:02.4069740Z     builtin-create-build-directory /Users/runner/Library/Developer/Xcode/DerivedData/KejinZhiWang-amdlcdptztoppfeghpacesdxlyrx/Build/Intermediates.noindex/ArchiveIntermediates/KejinZhiWang/IntermediateBuildFilesPath/ExplicitPrecompiledModules
2026-09-04T06:59:02.4184960Z 
2026-09-04T06:59:02.4292470Z CreateBuildDirectory /Users/runner/Library/Developer/Xcode/DerivedData/KejinZhiWang-amdlcdptztoppfeghpacesdxlyrx/Build/Intermediates.noindex/ArchiveIntermediates/KejinZhiWang/IntermediateBuildFilesPath/EagerLinkingTBDs/Release-iphoneos
2026-09-04T06:59:02.4409260Z     cd /Users/runner/work/kejinzhiwang-ios/kejinzhiwang-ios/KejinZhiWang.xcodeproj
2026-09-04T06:59:02.4513780Z     builtin-create-build-directory /Users/runner/Library/Developer/Xcode/DerivedData/KejinZhiWang-amdlcdptztoppfeghpacesdxlyrx/Build/Intermediates.noindex/ArchiveIntermediates/KejinZhiWang/IntermediateBuildFilesPath/EagerLinkingTBDs/Release-iphoneos
2026-09-04T06:59:02.4623700Z 
2026-09-04T06:59:02.4727120Z CreateBuildDirectory /Users/runner/Library/Developer/Xcode/DerivedData/KejinZhiWang-amdlcdptztoppfeghpacesdxlyrx/Build/Intermediates.noindex/ArchiveIntermediates/KejinZhiWang/BuildProductsPath/Release-iphoneos
2026-09-04T06:59:02.4835570Z     cd /Users/runner/work/kejinzhiwang-ios/kejinzhiwang-ios/KejinZhiWang.xcodeproj
2026-09-04T06:59:02.4938560Z     builtin-create-build-directory /Users/runner/Library/Developer/Xcode/DerivedData/KejinZhiWang-amdlcdptztoppfeghpacesdxlyrx/Build/Intermediates.noindex/ArchiveIntermediates/KejinZhiWang/BuildProductsPath/Release-iphoneos
2026-09-04T06:59:02.5040940Z 
2026-09-04T06:59:02.5148870Z WriteAuxiliaryFile /Users/runner/Library/Developer/Xcode/DerivedData/KejinZhiWang-amdlcdptztoppfeghpacesdxlyrx/Build/Intermediates.noindex/ArchiveIntermediates/KejinZhiWang/IntermediateBuildFilesPath/KejinZhiWang.build/Release-iphoneos/KejinZhiWang.build/Objects-normal/arm64/KejinZhiWang_const_extract_protocols.json (in target 'KejinZhiWang' from project 'KejinZhiWang')
2026-09-04T06:59:02.5256800Z     cd /Users/runner/work/kejinzhiwang-ios/kejinzhiwang-ios
2026-09-04T06:59:02.5361200Z     write-file /Users/runner/Library/Developer/Xcode/DerivedData/KejinZhiWang-amdlcdptztoppfeghpacesdxlyrx/Build/Intermediates.noindex/ArchiveIntermediates/KejinZhiWang/IntermediateBuildFilesPath/KejinZhiWang.build/Release-iphoneos/KejinZhiWang.build/Objects-normal/arm64/KejinZhiWang_const_extract_protocols.json
2026-09-04T06:59:02.5447310Z 
2026-09-04T06:59:02.5564000Z WriteAuxiliaryFile /Users/runner/Library/Developer/Xcode/DerivedData/KejinZhiWang-amdlcdptztoppfeghpacesdxlyrx/Build/Intermediates.noindex/ArchiveIntermediates/KejinZhiWang/IntermediateBuildFilesPath/KejinZhiWang.build/Release-iphoneos/KejinZhiWang.build/Objects-normal/arm64/KejinZhiWang.SwiftFileList (in target 'KejinZhiWang' from project 'KejinZhiWang')
2026-09-04T06:59:02.5675670Z     cd /Users/runner/work/kejinzhiwang-ios/kejinzhiwang-ios
2026-09-04T06:59:02.5782060Z     write-file /Users/runner/Library/Developer/Xcode/DerivedData/KejinZhiWang-amdlcdptztoppfeghpacesdxlyrx/Build/Intermediates.noindex/ArchiveIntermediates/KejinZhiWang/IntermediateBuildFilesPath/KejinZhiWang.build/Release-iphoneos/KejinZhiWang.build/Objects-normal/arm64/KejinZhiWang.SwiftFileList
2026-09-04T06:59:02.5894320Z 
2026-09-04T06:59:02.6042250Z WriteAuxiliaryFile /Users/runner/Library/Developer/Xcode/DerivedData/KejinZhiWang-amdlcdptztoppfeghpacesdxlyrx/Build/Intermediates.noindex/ArchiveIntermediates/KejinZhiWang/IntermediateBuildFilesPath/KejinZhiWang.build/Release-iphoneos/KejinZhiWang.build/Objects-normal/arm64/KejinZhiWang.SwiftConstValuesFileList (in target 'KejinZhiWang' from project 'KejinZhiWang')
2026-09-04T06:59:02.6171440Z     cd /Users/runner/work/kejinzhiwang-ios/kejinzhiwang-ios
2026-09-04T06:59:02.6280430Z     write-file /Users/runner/Library/Developer/Xcode/DerivedData/KejinZhiWang-amdlcdptztoppfeghpacesdxlyrx/Build/Intermediates.noindex/ArchiveIntermediates/KejinZhiWang/IntermediateBuildFilesPath/KejinZhiWang.build/Release-iphoneos/KejinZhiWang.build/Objects-normal/arm64/KejinZhiWang.SwiftConstValuesFileList
2026-09-04T06:59:02.6281850Z 
2026-09-04T06:59:02.6305930Z WriteAuxiliaryFile /Users/runner/Library/Developer/Xcode/DerivedData/KejinZhiWang-amdlcdptztoppfeghpacesdxlyrx/Build/Intermediates.noindex/ArchiveIntermediates/KejinZhiWang/IntermediateBuildFilesPath/KejinZhiWang.build/Release-iphoneos/KejinZhiWang.build/Objects-normal/arm64/KejinZhiWang.LinkFileList (in target 'KejinZhiWang' from project 'KejinZhiWang')
2026-09-04T06:59:02.6308500Z     cd /Users/runner/work/kejinzhiwang-ios/kejinzhiwang-ios
2026-09-04T06:59:02.6417080Z     write-file /Users/runner/Library/Developer/Xcode/DerivedData/KejinZhiWang-amdlcdptztoppfeghpacesdxlyrx/Build/Intermediates.noindex/ArchiveIntermediates/KejinZhiWang/IntermediateBuildFilesPath/KejinZhiWang.build/Release-iphoneos/KejinZhiWang.build/Objects-normal/arm64/KejinZhiWang.LinkFileList
2026-09-04T06:59:02.6564950Z 
2026-09-04T06:59:02.6684680Z WriteAuxiliaryFile /Users/runner/Library/Developer/Xcode/DerivedData/KejinZhiWang-amdlcdptztoppfeghpacesdxlyrx/Build/Intermediates.noindex/ArchiveIntermediates/KejinZhiWang/IntermediateBuildFilesPath/KejinZhiWang.build/Release-iphoneos/KejinZhiWang.build/Objects-normal/arm64/KejinZhiWang-OutputFileMap.json (in target 'KejinZhiWang' from project 'KejinZhiWang')
2026-09-04T06:59:02.6793670Z     cd /Users/runner/work/kejinzhiwang-ios/kejinzhiwang-ios
2026-09-04T06:59:02.6924050Z     write-file /Users/runner/Library/Developer/Xcode/DerivedData/KejinZhiWang-amdlcdptztoppfeghpacesdxlyrx/Build/Intermediates.noindex/ArchiveIntermediates/KejinZhiWang/IntermediateBuildFilesPath/KejinZhiWang.build/Release-iphoneos/KejinZhiWang.build/Objects-normal/arm64/KejinZhiWang-OutputFileMap.json
2026-09-04T06:59:02.7033960Z 
2026-09-04T06:59:02.7138960Z WriteAuxiliaryFile /Users/runner/Library/Developer/Xcode/DerivedData/KejinZhiWang-amdlcdptztoppfeghpacesdxlyrx/Build/Intermediates.noindex/ArchiveIntermediates/KejinZhiWang/IntermediateBuildFilesPath/KejinZhiWang.build/Release-iphoneos/KejinZhiWang.build/KejinZhiWang.hmap (in target 'KejinZhiWang' from project 'KejinZhiWang')
2026-09-04T06:59:02.7244980Z     cd /Users/runner/work/kejinzhiwang-ios/kejinzhiwang-ios
2026-09-04T06:59:02.7349280Z     write-file /Users/runner/Library/Developer/Xcode/DerivedData/KejinZhiWang-amdlcdptztoppfeghpacesdxlyrx/Build/Intermediates.noindex/ArchiveIntermediates/KejinZhiWang/IntermediateBuildFilesPath/KejinZhiWang.build/Release-iphoneos/KejinZhiWang.build/KejinZhiWang.hmap
2026-09-04T06:59:02.7453150Z 
2026-09-04T06:59:02.7555350Z WriteAuxiliaryFile /Users/runner/Library/Developer/Xcode/DerivedData/KejinZhiWang-amdlcdptztoppfeghpacesdxlyrx/Build/Intermediates.noindex/ArchiveIntermediates/KejinZhiWang/IntermediateBuildFilesPath/KejinZhiWang.build/Release-iphoneos/KejinZhiWang.build/KejinZhiWang.DependencyStaticMetadataFileList (in target 'KejinZhiWang' from project 'KejinZhiWang')
2026-09-04T06:59:02.7660160Z     cd /Users/runner/work/kejinzhiwang-ios/kejinzhiwang-ios
2026-09-04T06:59:02.7763730Z     write-file /Users/runner/Library/Developer/Xcode/DerivedData/KejinZhiWang-amdlcdptztoppfeghpacesdxlyrx/Build/Intermediates.noindex/ArchiveIntermediates/KejinZhiWang/IntermediateBuildFilesPath/KejinZhiWang.build/Release-iphoneos/KejinZhiWang.build/KejinZhiWang.DependencyStaticMetadataFileList
2026-09-04T06:59:02.7865790Z 
2026-09-04T06:59:02.7977650Z WriteAuxiliaryFile /Users/runner/Library/Developer/Xcode/DerivedData/KejinZhiWang-amdlcdptztoppfeghpacesdxlyrx/Build/Intermediates.noindex/ArchiveIntermediates/KejinZhiWang/IntermediateBuildFilesPath/KejinZhiWang.build/Release-iphoneos/KejinZhiWang.build/KejinZhiWang.DependencyMetadataFileList (in target 'KejinZhiWang' from project 'KejinZhiWang')
2026-09-04T06:59:02.8088890Z     cd /Users/runner/work/kejinzhiwang-ios/kejinzhiwang-ios
2026-09-04T06:59:02.8211660Z     write-file /Users/runner/Library/Developer/Xcode/DerivedData/KejinZhiWang-amdlcdptztoppfeghpacesdxlyrx/Build/Intermediates.noindex/ArchiveIntermediates/KejinZhiWang/IntermediateBuildFilesPath/KejinZhiWang.build/Release-iphoneos/KejinZhiWang.build/KejinZhiWang.DependencyMetadataFileList
2026-09-04T06:59:02.8316650Z 
2026-09-04T06:59:02.8320120Z WriteAuxiliaryFile /Users/runner/Library/Developer/Xcode/DerivedData/KejinZhiWang-amdlcdptztoppfeghpacesdxlyrx/Build/Intermediates.noindex/ArchiveIntermediates/KejinZhiWang/IntermediateBuildFilesPath/KejinZhiWang.build/Release-iphoneos/KejinZhiWang.build/KejinZhiWang-project-headers.hmap (in target 'KejinZhiWang' from project 'KejinZhiWang')
2026-09-04T06:59:02.8325620Z     cd /Users/runner/work/kejinzhiwang-ios/kejinzhiwang-ios
2026-09-04T06:59:02.8328650Z     write-file /Users/runner/Library/Developer/Xcode/DerivedData/KejinZhiWang-amdlcdptztoppfeghpacesdxlyrx/Build/Intermediates.noindex/ArchiveIntermediates/KejinZhiWang/IntermediateBuildFilesPath/KejinZhiWang.build/Release-iphoneos/KejinZhiWang.build/KejinZhiWang-project-headers.hmap
2026-09-04T06:59:02.8331860Z 
2026-09-04T06:59:02.8334650Z WriteAuxiliaryFile /Users/runner/Library/Developer/Xcode/DerivedData/KejinZhiWang-amdlcdptztoppfeghpacesdxlyrx/Build/Intermediates.noindex/ArchiveIntermediates/KejinZhiWang/IntermediateBuildFilesPath/KejinZhiWang.build/Release-iphoneos/KejinZhiWang.build/KejinZhiWang-own-target-headers.hmap (in target 'KejinZhiWang' from project 'KejinZhiWang')
2026-09-04T06:59:02.8344190Z     cd /Users/runner/work/kejinzhiwang-ios/kejinzhiwang-ios
2026-09-04T06:59:02.8345790Z     write-file /Users/runner/Library/Developer/Xcode/DerivedData/KejinZhiWang-amdlcdptztoppfeghpacesdxlyrx/Build/Intermediates.noindex/ArchiveIntermediates/KejinZhiWang/IntermediateBuildFilesPath/KejinZhiWang.build/Release-iphoneos/KejinZhiWang.build/KejinZhiWang-own-target-headers.hmap
2026-09-04T06:59:02.8346930Z 
2026-09-04T06:59:02.8348090Z WriteAuxiliaryFile /Users/runner/Library/Developer/Xcode/DerivedData/KejinZhiWang-amdlcdptztoppfeghpacesdxlyrx/Build/Intermediates.noindex/ArchiveIntermediates/KejinZhiWang/IntermediateBuildFilesPath/KejinZhiWang.build/Release-iphoneos/KejinZhiWang.build/KejinZhiWang-generated-files.hmap (in target 'KejinZhiWang' from project 'KejinZhiWang')
2026-09-04T06:59:02.8349600Z     cd /Users/runner/work/kejinzhiwang-ios/kejinzhiwang-ios
2026-09-04T06:59:02.8351010Z     write-file /Users/runner/Library/Developer/Xcode/DerivedData/KejinZhiWang-amdlcdptztoppfeghpacesdxlyrx/Build/Intermediates.noindex/ArchiveIntermediates/KejinZhiWang/IntermediateBuildFilesPath/KejinZhiWang.build/Release-iphoneos/KejinZhiWang.build/KejinZhiWang-generated-files.hmap
2026-09-04T06:59:02.8370540Z 
2026-09-04T06:59:02.8373790Z WriteAuxiliaryFile /Users/runner/Library/Developer/Xcode/DerivedData/KejinZhiWang-amdlcdptztoppfeghpacesdxlyrx/Build/Intermediates.noindex/ArchiveIntermediates/KejinZhiWang/IntermediateBuildFilesPath/KejinZhiWang.build/Release-iphoneos/KejinZhiWang.build/KejinZhiWang-all-target-headers.hmap (in target 'KejinZhiWang' from project 'KejinZhiWang')
2026-09-04T06:59:02.8378770Z     cd /Users/runner/work/kejinzhiwang-ios/kejinzhiwang-ios
2026-09-04T06:59:02.8379850Z     write-file /Users/runner/Library/Developer/Xcode/DerivedData/KejinZhiWang-amdlcdptztoppfeghpacesdxlyrx/Build/Intermediates.noindex/ArchiveIntermediates/KejinZhiWang/IntermediateBuildFilesPath/KejinZhiWang.build/Release-iphoneos/KejinZhiWang.build/KejinZhiWang-all-target-headers.hmap
2026-09-04T06:59:02.8380770Z 
2026-09-04T06:59:02.8381960Z WriteAuxiliaryFile /Users/runner/Library/Developer/Xcode/DerivedData/KejinZhiWang-amdlcdptztoppfeghpacesdxlyrx/Build/Intermediates.noindex/ArchiveIntermediates/KejinZhiWang/IntermediateBuildFilesPath/KejinZhiWang.build/Release-iphoneos/KejinZhiWang.build/KejinZhiWang-all-non-framework-target-headers.hmap (in target 'KejinZhiWang' from project 'KejinZhiWang')
2026-09-04T06:59:02.8383400Z     cd /Users/runner/work/kejinzhiwang-ios/kejinzhiwang-ios
2026-09-04T06:59:02.8384870Z     write-file /Users/runner/Library/Developer/Xcode/DerivedData/KejinZhiWang-amdlcdptztoppfeghpacesdxlyrx/Build/Intermediates.noindex/ArchiveIntermediates/KejinZhiWang/IntermediateBuildFilesPath/KejinZhiWang.build/Release-iphoneos/KejinZhiWang.build/KejinZhiWang-all-non-framework-target-headers.hmap
2026-09-04T06:59:02.8386190Z 
2026-09-04T06:59:02.8387480Z SymLink /Users/runner/Library/Developer/Xcode/DerivedData/KejinZhiWang-amdlcdptztoppfeghpacesdxlyrx/Build/Intermediates.noindex/ArchiveIntermediates/KejinZhiWang/BuildProductsPath/Release-iphoneos/KejinZhiWang.app ../../InstallationBuildProductsLocation/Applications/KejinZhiWang.app (in target 'KejinZhiWang' from project 'KejinZhiWang')
2026-09-04T06:59:02.8491850Z     cd /Users/runner/work/kejinzhiwang-ios/kejinzhiwang-ios
2026-09-04T06:59:02.8600040Z     /bin/ln -sfh ../../InstallationBuildProductsLocation/Applications/KejinZhiWang.app /Users/runner/Library/Developer/Xcode/DerivedData/KejinZhiWang-amdlcdptztoppfeghpacesdxlyrx/Build/Intermediates.noindex/ArchiveIntermediates/KejinZhiWang/BuildProductsPath/Release-iphoneos/KejinZhiWang.app
2026-09-04T06:59:02.8703880Z 
2026-09-04T06:59:02.8812470Z MkDir /Users/runner/Library/Developer/Xcode/DerivedData/KejinZhiWang-amdlcdptztoppfeghpacesdxlyrx/Build/Intermediates.noindex/ArchiveIntermediates/KejinZhiWang/InstallationBuildProductsLocation/Applications/KejinZhiWang.app (in target 'KejinZhiWang' from project 'KejinZhiWang')
2026-09-04T06:59:02.8915630Z     cd /Users/runner/work/kejinzhiwang-ios/kejinzhiwang-ios
2026-09-04T06:59:02.9021350Z     /bin/mkdir -p /Users/runner/Library/Developer/Xcode/DerivedData/KejinZhiWang-amdlcdptztoppfeghpacesdxlyrx/Build/Intermediates.noindex/ArchiveIntermediates/KejinZhiWang/InstallationBuildProductsLocation/Applications/KejinZhiWang.app
2026-09-04T06:59:02.9127240Z 
2026-09-04T06:59:02.9230880Z MkDir /Users/runner/Library/Developer/Xcode/DerivedData/KejinZhiWang-amdlcdptztoppfeghpacesdxlyrx/Build/Intermediates.noindex/ArchiveIntermediates/KejinZhiWang/IntermediateBuildFilesPath/KejinZhiWang.build/Release-iphoneos/KejinZhiWang.build/assetcatalog_output/unthinned (in target 'KejinZhiWang' from project 'KejinZhiWang')
2026-09-04T06:59:02.9336210Z     cd /Users/runner/work/kejinzhiwang-ios/kejinzhiwang-ios
2026-09-04T06:59:02.9340230Z     /bin/mkdir -p /Users/runner/Library/Developer/Xcode/DerivedData/KejinZhiWang-amdlcdptztoppfeghpacesdxlyrx/Build/Intermediates.noindex/ArchiveIntermediates/KejinZhiWang/IntermediateBuildFilesPath/KejinZhiWang.build/Release-iphoneos/KejinZhiWang.build/assetcatalog_output/unthinned
2026-09-04T06:59:02.9447220Z 
2026-09-04T06:59:02.9570770Z MkDir /Users/runner/Library/Developer/Xcode/DerivedData/KejinZhiWang-amdlcdptztoppfeghpacesdxlyrx/Build/Intermediates.noindex/ArchiveIntermediates/KejinZhiWang/IntermediateBuildFilesPath/KejinZhiWang.build/Release-iphoneos/KejinZhiWang.build/assetcatalog_output/thinned (in target 'KejinZhiWang' from project 'KejinZhiWang')
2026-09-04T06:59:02.9674960Z     cd /Users/runner/work/kejinzhiwang-ios/kejinzhiwang-ios
2026-09-04T06:59:02.9786350Z     /bin/mkdir -p /Users/runner/Library/Developer/Xcode/DerivedData/KejinZhiWang-amdlcdptztoppfeghpacesdxlyrx/Build/Intermediates.noindex/ArchiveIntermediates/KejinZhiWang/IntermediateBuildFilesPath/KejinZhiWang.build/Release-iphoneos/KejinZhiWang.build/assetcatalog_output/thinned
2026-09-04T06:59:02.9890450Z 
2026-09-04T06:59:03.0003730Z GenerateAssetSymbols /Users/runner/work/kejinzhiwang-ios/kejinzhiwang-ios/Resources/Assets.xcassets (in target 'KejinZhiWang' from project 'KejinZhiWang')
2026-09-04T06:59:03.0106470Z     cd /Users/runner/work/kejinzhiwang-ios/kejinzhiwang-ios
2026-09-04T06:59:03.0259120Z     /Applications/Xcode_26.6.app/Contents/Developer/usr/bin/actool /Users/runner/work/kejinzhiwang-ios/kejinzhiwang-ios/Resources/Assets.xcassets --compile /Users/runner/Library/Developer/Xcode/DerivedData/KejinZhiWang-amdlcdptztoppfeghpacesdxlyrx/Build/Intermediates.noindex/ArchiveIntermediates/KejinZhiWang/InstallationBuildProductsLocation/Applications/KejinZhiWang.app --output-format human-readable-text --notices --warnings --export-dependency-info /Users/runner/Library/Developer/Xcode/DerivedData/KejinZhiWang-amdlcdptztoppfeghpacesdxlyrx/Build/Intermediates.noindex/ArchiveIntermediates/KejinZhiWang/IntermediateBuildFilesPath/KejinZhiWang.build/Release-iphoneos/KejinZhiWang.build/assetcatalog_dependencies --output-partial-info-plist /Users/runner/Library/Developer/Xcode/DerivedData/KejinZhiWang-amdlcdptztoppfeghpacesdxlyrx/Build/Intermediates.noindex/ArchiveIntermediates/KejinZhiWang/IntermediateBuildFilesPath/KejinZhiWang.build/Release-iphoneos/KejinZhiWang.build/assetcatalog_generated_info.plist --app-icon AppIcon --compress-pngs --enable-on-demand-resources YES --development-region en --target-device iphone --target-device ipad --minimum-deployment-target 16.0 --platform iphoneos --bundle-identifier com.sharkking.assistant --generate-swift-asset-symbol-extensions NO --generate-swift-asset-symbols /Users/runner/Library/Developer/Xcode/DerivedData/KejinZhiWang-amdlcdptztoppfeghpacesdxlyrx/Build/Intermediates.noindex/ArchiveIntermediates/KejinZhiWang/IntermediateBuildFilesPath/KejinZhiWang.build/Release-iphoneos/KejinZhiWang.build/DerivedSources/GeneratedAssetSymbols.swift --generate-objc-asset-symbols /Users/runner/Library/Developer/Xcode/DerivedData/KejinZhiWang-amdlcdptztoppfeghpacesdxlyrx/Build/Intermediates.noindex/ArchiveIntermediates/KejinZhiWang/IntermediateBuildFilesPath/KejinZhiWang.build/Release-iphoneos/KejinZhiWang.build/DerivedSources/GeneratedAssetSymbols.h --generate-asset-symbol-index /Users/runner/Library/Developer/Xcode/DerivedData/KejinZhiWang-amdlcdptztoppfeghpacesdxlyrx/Build/Intermediates.noindex/ArchiveIntermediates/KejinZhiWang/IntermediateBuildFilesPath/KejinZhiWang.build/Release-iphoneos/KejinZhiWang.build/DerivedSources/GeneratedAssetSymbols-Index.plist
2026-09-04T06:59:03.0429250Z /* com.apple.actool.compilation-results */
2026-09-04T06:59:03.0534190Z /Users/runner/Library/Developer/Xcode/DerivedData/KejinZhiWang-amdlcdptztoppfeghpacesdxlyrx/Build/Intermediates.noindex/ArchiveIntermediates/KejinZhiWang/IntermediateBuildFilesPath/KejinZhiWang.build/Release-iphoneos/KejinZhiWang.build/DerivedSources/GeneratedAssetSymbols-Index.plist
2026-09-04T06:59:03.0541880Z /Users/runner/Library/Developer/Xcode/DerivedData/KejinZhiWang-amdlcdptztoppfeghpacesdxlyrx/Build/Intermediates.noindex/ArchiveIntermediates/KejinZhiWang/IntermediateBuildFilesPath/KejinZhiWang.build/Release-iphoneos/KejinZhiWang.build/DerivedSources/GeneratedAssetSymbols.h
2026-09-04T06:59:03.0661780Z /Users/runner/Library/Developer/Xcode/DerivedData/KejinZhiWang-amdlcdptztoppfeghpacesdxlyrx/Build/Intermediates.noindex/ArchiveIntermediates/KejinZhiWang/IntermediateBuildFilesPath/KejinZhiWang.build/Release-iphoneos/KejinZhiWang.build/DerivedSources/GeneratedAssetSymbols.swift
2026-09-04T06:59:03.0775200Z 
2026-09-04T06:59:03.0891100Z 
2026-09-04T06:59:03.1000300Z CpResource /Users/runner/Library/Developer/Xcode/DerivedData/KejinZhiWang-amdlcdptztoppfeghpacesdxlyrx/Build/Intermediates.noindex/ArchiveIntermediates/KejinZhiWang/InstallationBuildProductsLocation/Applications/KejinZhiWang.app/scripts /Users/runner/work/kejinzhiwang-ios/kejinzhiwang-ios/Resources/scripts (in target 'KejinZhiWang' from project 'KejinZhiWang')
2026-09-04T06:59:03.1109850Z     cd /Users/runner/work/kejinzhiwang-ios/kejinzhiwang-ios
2026-09-04T06:59:03.1219990Z     builtin-copy -exclude .DS_Store -exclude CVS -exclude .svn -exclude .git -exclude .hg -resolve-src-symlinks /Users/runner/work/kejinzhiwang-ios/kejinzhiwang-ios/Resources/scripts /Users/runner/Library/Developer/Xcode/DerivedData/KejinZhiWang-amdlcdptztoppfeghpacesdxlyrx/Build/Intermediates.noindex/ArchiveIntermediates/KejinZhiWang/InstallationBuildProductsLocation/Applications/KejinZhiWang.app
2026-09-04T06:59:03.1330480Z 
2026-09-04T06:59:03.1445930Z CpResource /Users/runner/Library/Developer/Xcode/DerivedData/KejinZhiWang-amdlcdptztoppfeghpacesdxlyrx/Build/Intermediates.noindex/ArchiveIntermediates/KejinZhiWang/InstallationBuildProductsLocation/Applications/KejinZhiWang.app/renderer /Users/runner/work/kejinzhiwang-ios/kejinzhiwang-ios/Resources/renderer (in target 'KejinZhiWang' from project 'KejinZhiWang')
2026-09-04T06:59:03.1551080Z     cd /Users/runner/work/kejinzhiwang-ios/kejinzhiwang-ios
2026-09-04T06:59:03.1686800Z     builtin-copy -exclude .DS_Store -exclude CVS -exclude .svn -exclude .git -exclude .hg -resolve-src-symlinks /Users/runner/work/kejinzhiwang-ios/kejinzhiwang-ios/Resources/renderer /Users/runner/Library/Developer/Xcode/DerivedData/KejinZhiWang-amdlcdptztoppfeghpacesdxlyrx/Build/Intermediates.noindex/ArchiveIntermediates/KejinZhiWang/InstallationBuildProductsLocation/Applications/KejinZhiWang.app
2026-09-04T06:59:03.1817030Z 
2026-09-04T06:59:03.1919750Z CompileAssetCatalogVariant thinned /Users/runner/Library/Developer/Xcode/DerivedData/KejinZhiWang-amdlcdptztoppfeghpacesdxlyrx/Build/Intermediates.noindex/ArchiveIntermediates/KejinZhiWang/InstallationBuildProductsLocation/Applications/KejinZhiWang.app /Users/runner/work/kejinzhiwang-ios/kejinzhiwang-ios/Resources/Assets.xcassets (in target 'KejinZhiWang' from project 'KejinZhiWang')
2026-09-04T06:59:03.2022290Z     cd /Users/runner/work/kejinzhiwang-ios/kejinzhiwang-ios
2026-09-04T06:59:03.2210930Z     /Applications/Xcode_26.6.app/Contents/Developer/usr/bin/actool /Users/runner/work/kejinzhiwang-ios/kejinzhiwang-ios/Resources/Assets.xcassets --compile /Users/runner/Library/Developer/Xcode/DerivedData/KejinZhiWang-amdlcdptztoppfeghpacesdxlyrx/Build/Intermediates.noindex/ArchiveIntermediates/KejinZhiWang/IntermediateBuildFilesPath/KejinZhiWang.build/Release-iphoneos/KejinZhiWang.build/assetcatalog_output/thinned --output-format human-readable-text --notices --warnings --export-dependency-info /Users/runner/Library/Developer/Xcode/DerivedData/KejinZhiWang-amdlcdptztoppfeghpacesdxlyrx/Build/Intermediates.noindex/ArchiveIntermediates/KejinZhiWang/IntermediateBuildFilesPath/KejinZhiWang.build/Release-iphoneos/KejinZhiWang.build/assetcatalog_dependencies_thinned --output-partial-info-plist /Users/runner/Library/Developer/Xcode/DerivedData/KejinZhiWang-amdlcdptztoppfeghpacesdxlyrx/Build/Intermediates.noindex/ArchiveIntermediates/KejinZhiWang/IntermediateBuildFilesPath/KejinZhiWang.build/Release-iphoneos/KejinZhiWang.build/assetcatalog_generated_info.plist_thinned --app-icon AppIcon --compress-pngs --enable-on-demand-resources YES --development-region en --target-device iphone --target-device ipad --minimum-deployment-target 16.0 --platform iphoneos
2026-09-04T06:59:08.6040470Z /* com.apple.actool.document.notices */
2026-09-04T06:59:08.6143250Z /Users/runner/work/kejinzhiwang-ios/kejinzhiwang-ios/Resources/Assets.xcassets:./AppIcon.appiconset/[][ipad][76x76][][][1x][][][][]: notice: 76x76@1x app icons only apply to iPad apps targeting releases of iOS prior to 10.0.
2026-09-04T06:59:08.6243440Z /* com.apple.actool.compilation-results */
2026-09-04T06:59:08.6348180Z /Users/runner/Library/Developer/Xcode/DerivedData/KejinZhiWang-amdlcdptztoppfeghpacesdxlyrx/Build/Intermediates.noindex/ArchiveIntermediates/KejinZhiWang/IntermediateBuildFilesPath/KejinZhiWang.build/Release-iphoneos/KejinZhiWang.build/assetcatalog_generated_info.plist_thinned
2026-09-04T06:59:08.6433110Z /Users/runner/Library/Developer/Xcode/DerivedData/KejinZhiWang-amdlcdptztoppfeghpacesdxlyrx/Build/Intermediates.noindex/ArchiveIntermediates/KejinZhiWang/IntermediateBuildFilesPath/KejinZhiWang.build/Release-iphoneos/KejinZhiWang.build/assetcatalog_output/thinned/AppIcon60x60@2x.png
2026-09-04T06:59:08.6545870Z /Users/runner/Library/Developer/Xcode/DerivedData/KejinZhiWang-amdlcdptztoppfeghpacesdxlyrx/Build/Intermediates.noindex/ArchiveIntermediates/KejinZhiWang/IntermediateBuildFilesPath/KejinZhiWang.build/Release-iphoneos/KejinZhiWang.build/assetcatalog_output/thinned/AppIcon76x76@2x~ipad.png
2026-09-04T06:59:08.6560270Z /Users/runner/Library/Developer/Xcode/DerivedData/KejinZhiWang-amdlcdptztoppfeghpacesdxlyrx/Build/Intermediates.noindex/ArchiveIntermediates/KejinZhiWang/IntermediateBuildFilesPath/KejinZhiWang.build/Release-iphoneos/KejinZhiWang.build/assetcatalog_output/thinned/Assets.car
2026-09-04T06:59:08.6561450Z 
2026-09-04T06:59:08.6562100Z 
2026-09-04T06:59:08.6562610Z SwiftDriver KejinZhiWang normal arm64 com.apple.xcode.tools.swift.compiler (in target 'KejinZhiWang' from project 'KejinZhiWang')
2026-09-04T06:59:08.6563600Z     cd /Users/runner/work/kejinzhiwang-ios/kejinzhiwang-ios
2026-09-04T06:59:08.6594700Z     builtin-SwiftDriver -- /Applications/Xcode_26.6.app/Contents/Developer/Toolchains/XcodeDefault.xctoolchain/usr/bin/swiftc -module-name KejinZhiWang -O -whole-module-optimization @/Users/runner/Library/Developer/Xcode/DerivedData/KejinZhiWang-amdlcdptztoppfeghpacesdxlyrx/Build/Intermediates.noindex/ArchiveIntermediates/KejinZhiWang/IntermediateBuildFilesPath/KejinZhiWang.build/Release-iphoneos/KejinZhiWang.build/Objects-normal/arm64/KejinZhiWang.SwiftFileList -enable-bare-slash-regex -enable-experimental-feature DebugDescriptionMacro -sdk /Applications/Xcode_26.6.app/Contents/Developer/Platforms/iPhoneOS.platform/Developer/SDKs/iPhoneOS26.5.sdk -target arm64-apple-ios16.0 -g -module-cache-path /Users/runner/Library/Developer/Xcode/DerivedData/ModuleCache.noindex -Xfrontend -serialize-debugging-options -swift-version 5 -I /Users/runner/Library/Developer/Xcode/DerivedData/KejinZhiWang-amdlcdptztoppfeghpacesdxlyrx/Build/Intermediates.noindex/ArchiveIntermediates/KejinZhiWang/BuildProductsPath/Release-iphoneos -F /Users/runner/Library/Developer/Xcode/DerivedData/KejinZhiWang-amdlcdptztoppfeghpacesdxlyrx/Build/Intermediates.noindex/ArchiveIntermediates/KejinZhiWang/BuildProductsPath/Release-iphoneos -emit-localized-strings -emit-localized-strings-path /Users/runner/Library/Developer/Xcode/DerivedData/KejinZhiWang-amdlcdptztoppfeghpacesdxlyrx/Build/Intermediates.noindex/ArchiveIntermediates/KejinZhiWang/IntermediateBuildFilesPath/KejinZhiWang.build/Release-iphoneos/KejinZhiWang.build/Objects-normal/arm64 -c -num-threads 3 -Xcc -ivfsstatcache -Xcc /Users/runner/Library/Developer/Xcode/DerivedData/SDKStatCaches.noindex/iphoneos26.5-23F81a-688ef53f1462e2c8f657fdc38a81448fee66e23052a0157c865c76b268046726.sdkstatcache -output-file-map /Users/runner/Library/Developer/Xcode/DerivedData/KejinZhiWang-amdlcdptztoppfeghpacesdxlyrx/Build/Intermediates.noindex/ArchiveIntermediates/KejinZhiWang/IntermediateBuildFilesPath/KejinZhiWang.build/Release-iphoneos/KejinZhiWang.build/Objects-normal/arm64/KejinZhiWang-OutputFileMap.json -use-frontend-parseable-output -save-temps -no-color-diagnostics -explicit-module-build -module-cache-path /Users/runner/Library/Developer/Xcode/DerivedData/KejinZhiWang-amdlcdptztoppfeghpacesdxlyrx/Build/Intermediates.noindex/ArchiveIntermediates/KejinZhiWang/IntermediateBuildFilesPath/SwiftExplicitPrecompiledModules -clang-scanner-module-cache-path /Users/runner/Library/Developer/Xcode/DerivedData/ModuleCache.noindex -sdk-module-cache-path /Users/runner/Library/Developer/Xcode/DerivedData/ModuleCache.noindex -serialize-diagnostics -emit-dependencies -emit-module -emit-module-path /Users/runner/Library/Developer/Xcode/DerivedData/KejinZhiWang-amdlcdptztoppfeghpacesdxlyrx/Build/Intermediates.noindex/ArchiveIntermediates/KejinZhiWang/IntermediateBuildFilesPath/KejinZhiWang.build/Release-iphoneos/KejinZhiWang.build/Objects-normal/arm64/KejinZhiWang.swiftmodule -validate-clang-modules-once -clang-build-session-file /Users/runner/Library/Developer/Xcode/DerivedData/ModuleCache.noindex/Session.modulevalidation -Xcc -I/Users/runner/Library/Developer/Xcode/DerivedData/KejinZhiWang-amdlcdptztoppfeghpacesdxlyrx/Build/Intermediates.noindex/ArchiveIntermediates/KejinZhiWang/IntermediateBuildFilesPath/KejinZhiWang.build/Release-iphoneos/KejinZhiWang.build/swift-overrides.hmap -emit-const-values -Xfrontend -const-gather-protocols-file -Xfrontend /Users/runner/Library/Developer/Xcode/DerivedData/KejinZhiWang-amdlcdptztoppfeghpacesdxlyrx/Build/Intermediates.noindex/ArchiveIntermediates/KejinZhiWang/IntermediateBuildFilesPath/KejinZhiWang.build/Release-iphoneos/KejinZhiWang.build/Objects-normal/arm64/KejinZhiWang_const_extract_protocols.json -Xcc -iquote -Xcc /Users/runner/Library/Developer/Xcode/DerivedData/KejinZhiWang-amdlcdptztoppfeghpacesdxlyrx/Build/Intermediates.noindex/ArchiveIntermediates/KejinZhiWang/IntermediateBuildFilesPath/KejinZhiWang.build/Release-iphoneos/KejinZhiWang.build/KejinZhiWang-generated-files.hmap -Xcc -I/Users/runner/Library/Developer/Xcode/DerivedData/KejinZhiWang-amdlcdptztoppfeghpacesdxlyrx/Build/Intermediates.noindex/ArchiveIntermediates/KejinZhiWang/IntermediateBuildFilesPath/KejinZhiWang.build/Release-iphoneos/KejinZhiWang.build/KejinZhiWang-own-target-headers.hmap -Xcc -I/Users/runner/Library/Developer/Xcode/DerivedData/KejinZhiWang-amdlcdptztoppfeghpacesdxlyrx/Build/Intermediates.noindex/ArchiveIntermediates/KejinZhiWang/IntermediateBuildFilesPath/KejinZhiWang.build/Release-iphoneos/KejinZhiWang.build/KejinZhiWang-all-target-headers.hmap -Xcc -iquote -Xcc /Users/runner/Library/Developer/Xcode/DerivedData/KejinZhiWang-amdlcdptztoppfeghpacesdxlyrx/Build/Intermediates.noindex/ArchiveIntermediates/KejinZhiWang/IntermediateBuildFilesPath/KejinZhiWang.build/Release-iphoneos/KejinZhiWang.build/KejinZhiWang-project-headers.hmap -Xcc -I/Users/runner/Library/Developer/Xcode/DerivedData/KejinZhiWang-amdlcdptztoppfeghpacesdxlyrx/Build/Intermediates.noindex/ArchiveIntermediates/KejinZhiWang/BuildProductsPath/Release-iphoneos/include -Xcc -I/Users/runner/Library/Developer/Xcode/DerivedData/KejinZhiWang-amdlcdptztoppfeghpacesdxlyrx/Build/Intermediates.noindex/ArchiveIntermediates/KejinZhiWang/IntermediateBuildFilesPath/KejinZhiWang.build/Release-iphoneos/KejinZhiWang.build/DerivedSources-normal/arm64 -Xcc -I/Users/runner/Library/Developer/Xcode/DerivedData/KejinZhiWang-amdlcdptztoppfeghpacesdxlyrx/Build/Intermediates.noindex/ArchiveIntermediates/KejinZhiWang/IntermediateBuildFilesPath/KejinZhiWang.build/Release-iphoneos/KejinZhiWang.build/DerivedSources/arm64 -Xcc -I/Users/runner/Library/Developer/Xcode/DerivedData/KejinZhiWang-amdlcdptztoppfeghpacesdxlyrx/Build/Intermediates.noindex/ArchiveIntermediates/KejinZhiWang/IntermediateBuildFilesPath/KejinZhiWang.build/Release-iphoneos/KejinZhiWang.build/DerivedSources -emit-objc-header -emit-objc-header-path /Users/runner/Library/Developer/Xcode/DerivedData/KejinZhiWang-amdlcdptztoppfeghpacesdxlyrx/Build/Intermediates.noindex/ArchiveIntermediates/KejinZhiWang/IntermediateBuildFilesPath/KejinZhiWang.build/Release-iphoneos/KejinZhiWang.build/Objects-normal/arm64/KejinZhiWang-Swift.h -working-directory /Users/runner/work/kejinzhiwang-ios/kejinzhiwang-ios -no-emit-module-separately-wmo
2026-09-04T06:59:08.6622660Z 
2026-09-04T06:59:08.6623350Z SwiftDriver\ Compilation KejinZhiWang normal arm64 com.apple.xcode.tools.swift.compiler (in target 'KejinZhiWang' from project 'KejinZhiWang')
2026-09-04T06:59:08.6624040Z     cd /Users/runner/work/kejinzhiwang-ios/kejinzhiwang-ios
2026-09-04T06:59:08.6649720Z     builtin-Swift-Compilation -- /Applications/Xcode_26.6.app/Contents/Developer/Toolchains/XcodeDefault.xctoolchain/usr/bin/swiftc -module-name KejinZhiWang -O -whole-module-optimization @/Users/runner/Library/Developer/Xcode/DerivedData/KejinZhiWang-amdlcdptztoppfeghpacesdxlyrx/Build/Intermediates.noindex/ArchiveIntermediates/KejinZhiWang/IntermediateBuildFilesPath/KejinZhiWang.build/Release-iphoneos/KejinZhiWang.build/Objects-normal/arm64/KejinZhiWang.SwiftFileList -enable-bare-slash-regex -enable-experimental-feature DebugDescriptionMacro -sdk /Applications/Xcode_26.6.app/Contents/Developer/Platforms/iPhoneOS.platform/Developer/SDKs/iPhoneOS26.5.sdk -target arm64-apple-ios16.0 -g -module-cache-path /Users/runner/Library/Developer/Xcode/DerivedData/ModuleCache.noindex -Xfrontend -serialize-debugging-options -swift-version 5 -I /Users/runner/Library/Developer/Xcode/DerivedData/KejinZhiWang-amdlcdptztoppfeghpacesdxlyrx/Build/Intermediates.noindex/ArchiveIntermediates/KejinZhiWang/BuildProductsPath/Release-iphoneos -F /Users/runner/Library/Developer/Xcode/DerivedData/KejinZhiWang-amdlcdptztoppfeghpacesdxlyrx/Build/Intermediates.noindex/ArchiveIntermediates/KejinZhiWang/BuildProductsPath/Release-iphoneos -emit-localized-strings -emit-localized-strings-path /Users/runner/Library/Developer/Xcode/DerivedData/KejinZhiWang-amdlcdptztoppfeghpacesdxlyrx/Build/Intermediates.noindex/ArchiveIntermediates/KejinZhiWang/IntermediateBuildFilesPath/KejinZhiWang.build/Release-iphoneos/KejinZhiWang.build/Objects-normal/arm64 -c -num-threads 3 -Xcc -ivfsstatcache -Xcc /Users/runner/Library/Developer/Xcode/DerivedData/SDKStatCaches.noindex/iphoneos26.5-23F81a-688ef53f1462e2c8f657fdc38a81448fee66e23052a0157c865c76b268046726.sdkstatcache -output-file-map /Users/runner/Library/Developer/Xcode/DerivedData/KejinZhiWang-amdlcdptztoppfeghpacesdxlyrx/Build/Intermediates.noindex/ArchiveIntermediates/KejinZhiWang/IntermediateBuildFilesPath/KejinZhiWang.build/Release-iphoneos/KejinZhiWang.build/Objects-normal/arm64/KejinZhiWang-OutputFileMap.json -use-frontend-parseable-output -save-temps -no-color-diagnostics -explicit-module-build -module-cache-path /Users/runner/Library/Developer/Xcode/DerivedData/KejinZhiWang-amdlcdptztoppfeghpacesdxlyrx/Build/Intermediates.noindex/ArchiveIntermediates/KejinZhiWang/IntermediateBuildFilesPath/SwiftExplicitPrecompiledModules -clang-scanner-module-cache-path /Users/runner/Library/Developer/Xcode/DerivedData/ModuleCache.noindex -sdk-module-cache-path /Users/runner/Library/Developer/Xcode/DerivedData/ModuleCache.noindex -serialize-diagnostics -emit-dependencies -emit-module -emit-module-path /Users/runner/Library/Developer/Xcode/DerivedData/KejinZhiWang-amdlcdptztoppfeghpacesdxlyrx/Build/Intermediates.noindex/ArchiveIntermediates/KejinZhiWang/IntermediateBuildFilesPath/KejinZhiWang.build/Release-iphoneos/KejinZhiWang.build/Objects-normal/arm64/KejinZhiWang.swiftmodule -validate-clang-modules-once -clang-build-session-file /Users/runner/Library/Developer/Xcode/DerivedData/ModuleCache.noindex/Session.modulevalidation -Xcc -I/Users/runner/Library/Developer/Xcode/DerivedData/KejinZhiWang-amdlcdptztoppfeghpacesdxlyrx/Build/Intermediates.noindex/ArchiveIntermediates/KejinZhiWang/IntermediateBuildFilesPath/KejinZhiWang.build/Release-iphoneos/KejinZhiWang.build/swift-overrides.hmap -emit-const-values -Xfrontend -const-gather-protocols-file -Xfrontend /Users/runner/Library/Developer/Xcode/DerivedData/KejinZhiWang-amdlcdptztoppfeghpacesdxlyrx/Build/Intermediates.noindex/ArchiveIntermediates/KejinZhiWang/IntermediateBuildFilesPath/KejinZhiWang.build/Release-iphoneos/KejinZhiWang.build/Objects-normal/arm64/KejinZhiWang_const_extract_protocols.json -Xcc -iquote -Xcc /Users/runner/Library/Developer/Xcode/DerivedData/KejinZhiWang-amdlcdptztoppfeghpacesdxlyrx/Build/Intermediates.noindex/ArchiveIntermediates/KejinZhiWang/IntermediateBuildFilesPath/KejinZhiWang.build/Release-iphoneos/KejinZhiWang.build/KejinZhiWang-generated-files.hmap -Xcc -I/Users/runner/Library/Developer/Xcode/DerivedData/KejinZhiWang-amdlcdptztoppfeghpacesdxlyrx/Build/Intermediates.noindex/ArchiveIntermediates/KejinZhiWang/IntermediateBuildFilesPath/KejinZhiWang.build/Release-iphoneos/KejinZhiWang.build/KejinZhiWang-own-target-headers.hmap -Xcc -I/Users/runner/Library/Developer/Xcode/DerivedData/KejinZhiWang-amdlcdptztoppfeghpacesdxlyrx/Build/Intermediates.noindex/ArchiveIntermediates/KejinZhiWang/IntermediateBuildFilesPath/KejinZhiWang.build/Release-iphoneos/KejinZhiWang.build/KejinZhiWang-all-target-headers.hmap -Xcc -iquote -Xcc /Users/runner/Library/Developer/Xcode/DerivedData/KejinZhiWang-amdlcdptztoppfeghpacesdxlyrx/Build/Intermediates.noindex/ArchiveIntermediates/KejinZhiWang/IntermediateBuildFilesPath/KejinZhiWang.build/Release-iphoneos/KejinZhiWang.build/KejinZhiWang-project-headers.hmap -Xcc -I/Users/runner/Library/Developer/Xcode/DerivedData/KejinZhiWang-amdlcdptztoppfeghpacesdxlyrx/Build/Intermediates.noindex/ArchiveIntermediates/KejinZhiWang/BuildProductsPath/Release-iphoneos/include -Xcc -I/Users/runner/Library/Developer/Xcode/DerivedData/KejinZhiWang-amdlcdptztoppfeghpacesdxlyrx/Build/Intermediates.noindex/ArchiveIntermediates/KejinZhiWang/IntermediateBuildFilesPath/KejinZhiWang.build/Release-iphoneos/KejinZhiWang.build/DerivedSources-normal/arm64 -Xcc -I/Users/runner/Library/Developer/Xcode/DerivedData/KejinZhiWang-amdlcdptztoppfeghpacesdxlyrx/Build/Intermediates.noindex/ArchiveIntermediates/KejinZhiWang/IntermediateBuildFilesPath/KejinZhiWang.build/Release-iphoneos/KejinZhiWang.build/DerivedSources/arm64 -Xcc -I/Users/runner/Library/Developer/Xcode/DerivedData/KejinZhiWang-amdlcdptztoppfeghpacesdxlyrx/Build/Intermediates.noindex/ArchiveIntermediates/KejinZhiWang/IntermediateBuildFilesPath/KejinZhiWang.build/Release-iphoneos/KejinZhiWang.build/DerivedSources -emit-objc-header -emit-objc-header-path /Users/runner/Library/Developer/Xcode/DerivedData/KejinZhiWang-amdlcdptztoppfeghpacesdxlyrx/Build/Intermediates.noindex/ArchiveIntermediates/KejinZhiWang/IntermediateBuildFilesPath/KejinZhiWang.build/Release-iphoneos/KejinZhiWang.build/Objects-normal/arm64/KejinZhiWang-Swift.h -working-directory /Users/runner/work/kejinzhiwang-ios/kejinzhiwang-ios -no-emit-module-separately-wmo
2026-09-04T06:59:08.6721820Z 
2026-09-04T06:59:08.6723870Z SwiftExplicitDependencyGeneratePcm arm64 /Users/runner/Library/Developer/Xcode/DerivedData/ModuleCache.noindex/_SwiftConcurrencyShims-11WQO0U6NUPEG5KX0XIBPK7HV.pcm
2026-09-04T06:59:08.6725640Z 
2026-09-04T06:59:08.6727060Z SwiftExplicitDependencyGeneratePcm arm64 /Users/runner/Library/Developer/Xcode/DerivedData/ModuleCache.noindex/DeveloperToolsSupport-EMHRDK0O1ZXXZII2U7HYGBAAB.pcm
2026-09-04T06:59:08.6728890Z 
2026-09-04T06:59:08.6730230Z SwiftExplicitDependencyGeneratePcm arm64 /Users/runner/Library/Developer/Xcode/DerivedData/ModuleCache.noindex/_Builtin_stdarg-AWNHK52NN9LOBSP9B3ES6N4JP.pcm
2026-09-04T06:59:08.6731810Z 
2026-09-04T06:59:08.6733120Z SwiftExplicitDependencyGeneratePcm arm64 /Users/runner/Library/Developer/Xcode/DerivedData/ModuleCache.noindex/_Builtin_stddef-DM9FIK1TI14UIQLTPTSDRJRH8.pcm
2026-09-04T06:59:08.6734650Z 
2026-09-04T06:59:08.6735980Z SwiftExplicitDependencyGeneratePcm arm64 /Users/runner/Library/Developer/Xcode/DerivedData/ModuleCache.noindex/_Builtin_stdbool-F2JDNPQEX6SQ9OSYLY30YZQUK.pcm
2026-09-04T06:59:08.6737520Z 
2026-09-04T06:59:08.6738810Z SwiftExplicitDependencyGeneratePcm arm64 /Users/runner/Library/Developer/Xcode/DerivedData/ModuleCache.noindex/ptrauth-DABL4NITE6FI9XGP0U5ICP5U7.pcm
2026-09-04T06:59:08.6740290Z 
2026-09-04T06:59:08.6741660Z SwiftExplicitDependencyGeneratePcm arm64 /Users/runner/Library/Developer/Xcode/DerivedData/ModuleCache.noindex/_AvailabilityInternal-D134KYCM5B7H7LEX0UZ8E87OC.pcm
2026-09-04T06:59:08.6743280Z 
2026-09-04T06:59:08.6744750Z SwiftExplicitDependencyGeneratePcm arm64 /Users/runner/Library/Developer/Xcode/DerivedData/ModuleCache.noindex/_Builtin_float-2YO6PSBAHJ04WO49MXMPSPE2E.pcm
2026-09-04T06:59:08.6746550Z 
2026-09-04T06:59:08.6748190Z SwiftExplicitDependencyGeneratePcm arm64 /Users/runner/Library/Developer/Xcode/DerivedData/ModuleCache.noindex/ptrcheck-F4E3AJ5OSHOZ9IBB2GP04PWWI.pcm
2026-09-04T06:59:08.6749880Z 
2026-09-04T06:59:08.6751170Z SwiftExplicitDependencyGeneratePcm arm64 /Users/runner/Library/Developer/Xcode/DerivedData/ModuleCache.noindex/SwiftShims-72SLMYIIT0DF0R4G8CULVMIGB.pcm
2026-09-04T06:59:08.6752860Z 
2026-09-04T06:59:08.6755290Z SwiftExplicitDependencyGeneratePcm arm64 /Users/runner/Library/Developer/Xcode/DerivedData/ModuleCache.noindex/_DarwinFoundation1-AVQP07R3FLQDOZLLLTSBQE6KZ.pcm
2026-09-04T06:59:08.6757150Z 
2026-09-04T06:59:08.6760410Z SwiftExplicitDependencyGeneratePcm arm64 /Users/runner/Library/Developer/Xcode/DerivedData/ModuleCache.noindex/_DarwinFoundation2-CHABC5SS8N2OTC0RLF1PF00IL.pcm
2026-09-04T06:59:08.6761640Z 
2026-09-04T06:59:08.6762430Z SwiftExplicitDependencyGeneratePcm arm64 /Users/runner/Library/Developer/Xcode/DerivedData/ModuleCache.noindex/_Builtin_limits-5XLAGNJNMUIA35MLR9224J96G.pcm
2026-09-04T06:59:08.6774730Z 
2026-09-04T06:59:08.6775560Z SwiftExplicitDependencyGeneratePcm arm64 /Users/runner/Library/Developer/Xcode/DerivedData/ModuleCache.noindex/_Builtin_tgmath-54R3DMFU6DS0GI3Z1X2FGPB20.pcm
2026-09-04T06:59:08.6776410Z 
2026-09-04T06:59:08.6776960Z SwiftExplicitDependencyGeneratePcm arm64 /Users/runner/Library/Developer/Xcode/DerivedData/ModuleCache.noindex/sys_types-6VUOHF7N0NSAAA8P9FPHKE8W6.pcm
2026-09-04T06:59:08.6777560Z 
2026-09-04T06:59:08.6778090Z SwiftExplicitDependencyGeneratePcm arm64 /Users/runner/Library/Developer/Xcode/DerivedData/ModuleCache.noindex/_Builtin_stdint-1IVO0O4NH45TV1AYF52FCLU39.pcm
2026-09-04T06:59:08.6778660Z 
2026-09-04T06:59:08.6779240Z SwiftExplicitDependencyGeneratePcm arm64 /Users/runner/Library/Developer/Xcode/DerivedData/ModuleCache.noindex/_DarwinFoundation3-DT13DYQO20ZPMHDX5CDK95E4D.pcm
2026-09-04T06:59:08.6779870Z 
2026-09-04T06:59:08.6781030Z SwiftExplicitDependencyGeneratePcm arm64 /Users/runner/Library/Developer/Xcode/DerivedData/ModuleCache.noindex/_Builtin_stdatomic-9060L4NKPD5ER5I6FJ57E8WVA.pcm
2026-09-04T06:59:08.6782610Z 
2026-09-04T06:59:08.6783440Z SwiftExplicitDependencyGeneratePcm arm64 /Users/runner/Library/Developer/Xcode/DerivedData/ModuleCache.noindex/_Builtin_intrinsics-99O65VBQ24FR6L5LL9JW9AR1W.pcm
2026-09-04T06:59:08.6784160Z 
2026-09-04T06:59:08.6784640Z SwiftExplicitDependencyGeneratePcm arm64 /Users/runner/Library/Developer/Xcode/DerivedData/ModuleCache.noindex/zlib-2VZ41HE3UV9I94QLISZK2WL6O.pcm
2026-09-04T06:59:08.6785250Z 
2026-09-04T06:59:08.6785840Z SwiftExplicitDependencyGeneratePcm arm64 /Users/runner/Library/Developer/Xcode/DerivedData/ModuleCache.noindex/_Builtin_inttypes-AMA2B4Y7QBKPABLXFSRFWCL9N.pcm
2026-09-04T06:59:08.6786510Z 
2026-09-04T06:59:08.6787000Z SwiftExplicitDependencyGeneratePcm arm64 /Users/runner/Library/Developer/Xcode/DerivedData/ModuleCache.noindex/Darwin-D9UWKS8G5A983R1DJ4W24YSKP.pcm
2026-09-04T06:59:08.6787580Z 
2026-09-04T06:59:08.6788160Z SwiftExplicitDependencyGeneratePcm arm64 /Users/runner/Library/Developer/Xcode/DerivedData/ModuleCache.noindex/simd-CLUOIJ1OU38JUV8Q94GRO1JFW.pcm
2026-09-04T06:59:08.6788790Z 
2026-09-04T06:59:08.6789350Z SwiftExplicitDependencyGeneratePcm arm64 /Users/runner/Library/Developer/Xcode/DerivedData/ModuleCache.noindex/MachO-B6RJ1U22Q2HMP7YR9Z0P7VQ0Z.pcm
2026-09-04T06:59:08.6790070Z 
2026-09-04T06:59:08.6790690Z SwiftExplicitDependencyGeneratePcm arm64 /Users/runner/Library/Developer/Xcode/DerivedData/ModuleCache.noindex/ObjectiveC-UL57PEN9KLSC4RHLEIGY3HA.pcm
2026-09-04T06:59:08.6791360Z 
2026-09-04T06:59:08.6791890Z SwiftExplicitDependencyGeneratePcm arm64 /Users/runner/Library/Developer/Xcode/DerivedData/ModuleCache.noindex/os_object-E4IBKKHD0T0YBYBJLG4YXIM1L.pcm
2026-09-04T06:59:08.6792440Z 
2026-09-04T06:59:08.6792940Z SwiftExplicitDependencyGeneratePcm arm64 /Users/runner/Library/Developer/Xcode/DerivedData/ModuleCache.noindex/os_workgroup-32Z9ZWHZO4UN3G5VTRHGO9J2G.pcm
2026-09-04T06:59:08.6793560Z 
2026-09-04T06:59:08.6795180Z SwiftExplicitDependencyGeneratePcm arm64 /Users/runner/Library/Developer/Xcode/DerivedData/ModuleCache.noindex/Spatial-66ZFZVSPF6NR4DI3VRZP5OD1H.pcm
2026-09-04T06:59:08.6797200Z 
2026-09-04T06:59:08.6798560Z SwiftExplicitDependencyGeneratePcm arm64 /Users/runner/Library/Developer/Xcode/DerivedData/ModuleCache.noindex/Dispatch-9CU9L6AJGABEPEK1MML5WOJEH.pcm
2026-09-04T06:59:08.6800080Z 
2026-09-04T06:59:08.6802480Z SwiftExplicitDependencyGeneratePcm arm64 /Users/runner/Library/Developer/Xcode/DerivedData/ModuleCache.noindex/dnssd-AB1MJ0IHS4AY4FMB9VINDZFNL.pcm
2026-09-04T06:59:08.6804180Z 
2026-09-04T06:59:08.6805530Z SwiftExplicitDependencyGeneratePcm arm64 /Users/runner/Library/Developer/Xcode/DerivedData/ModuleCache.noindex/CoreFoundation-AJVBJNWJLXSNXAG6CFR83HFOF.pcm
2026-09-04T06:59:08.6807090Z 
2026-09-04T06:59:08.6808290Z SwiftExplicitDependencyGeneratePcm arm64 /Users/runner/Library/Developer/Xcode/DerivedData/ModuleCache.noindex/XPC-4PB7SR0PM1G3Z1V4ERK8LTRR6.pcm
2026-09-04T06:59:08.6810260Z 
2026-09-04T06:59:08.6810890Z SwiftExplicitDependencyGeneratePcm arm64 /Users/runner/Library/Developer/Xcode/DerivedData/ModuleCache.noindex/CFNetwork-4AKTMCE1W2AF00ZV9XZ8XN8BU.pcm
2026-09-04T06:59:08.6811700Z 
2026-09-04T06:59:08.6812190Z SwiftExplicitDependencyGeneratePcm arm64 /Users/runner/Library/Developer/Xcode/DerivedData/ModuleCache.noindex/Security-CIWSTZAS0BOTYSHUXXOWYSEX5.pcm
2026-09-04T06:59:08.6812840Z 
2026-09-04T06:59:08.6813390Z SwiftExplicitDependencyGeneratePcm arm64 /Users/runner/Library/Developer/Xcode/DerivedData/ModuleCache.noindex/os-1REBWOFRQ4PBO7QOUF0V31OPU.pcm
2026-09-04T06:59:08.6814030Z 
2026-09-04T06:59:08.6814590Z SwiftExplicitDependencyGeneratePcm arm64 /Users/runner/Library/Developer/Xcode/DerivedData/ModuleCache.noindex/CoreGraphics-1G5052L8UUCYJ9W6QLENAXY9U.pcm
2026-09-04T06:59:08.7605830Z 
2026-09-04T06:59:08.7610900Z LinkAssetCatalog /Users/runner/work/kejinzhiwang-ios/kejinzhiwang-ios/Resources/Assets.xcassets (in target 'KejinZhiWang' from project 'KejinZhiWang')
2026-09-04T06:59:08.7612190Z     cd /Users/runner/work/kejinzhiwang-ios/kejinzhiwang-ios
2026-09-04T06:59:08.7620070Z     builtin-linkAssetCatalog --thinned /Users/runner/Library/Developer/Xcode/DerivedData/KejinZhiWang-amdlcdptztoppfeghpacesdxlyrx/Build/Intermediates.noindex/ArchiveIntermediates/KejinZhiWang/IntermediateBuildFilesPath/KejinZhiWang.build/Release-iphoneos/KejinZhiWang.build/assetcatalog_output/thinned --thinned-dependencies /Users/runner/Library/Developer/Xcode/DerivedData/KejinZhiWang-amdlcdptztoppfeghpacesdxlyrx/Build/Intermediates.noindex/ArchiveIntermediates/KejinZhiWang/IntermediateBuildFilesPath/KejinZhiWang.build/Release-iphoneos/KejinZhiWang.build/assetcatalog_dependencies_thinned --thinned-info-plist-content /Users/runner/Library/Developer/Xcode/DerivedData/KejinZhiWang-amdlcdptztoppfeghpacesdxlyrx/Build/Intermediates.noindex/ArchiveIntermediates/KejinZhiWang/IntermediateBuildFilesPath/KejinZhiWang.build/Release-iphoneos/KejinZhiWang.build/assetcatalog_generated_info.plist_thinned --unthinned /Users/runner/Library/Developer/Xcode/DerivedData/KejinZhiWang-amdlcdptztoppfeghpacesdxlyrx/Build/Intermediates.noindex/ArchiveIntermediates/KejinZhiWang/IntermediateBuildFilesPath/KejinZhiWang.build/Release-iphoneos/KejinZhiWang.build/assetcatalog_output/unthinned --unthinned-dependencies /Users/runner/Library/Developer/Xcode/DerivedData/KejinZhiWang-amdlcdptztoppfeghpacesdxlyrx/Build/Intermediates.noindex/ArchiveIntermediates/KejinZhiWang/IntermediateBuildFilesPath/KejinZhiWang.build/Release-iphoneos/KejinZhiWang.build/assetcatalog_dependencies_unthinned --unthinned-info-plist-content /Users/runner/Library/Developer/Xcode/DerivedData/KejinZhiWang-amdlcdptztoppfeghpacesdxlyrx/Build/Intermediates.noindex/ArchiveIntermediates/KejinZhiWang/IntermediateBuildFilesPath/KejinZhiWang.build/Release-iphoneos/KejinZhiWang.build/assetcatalog_generated_info.plist_unthinned --output /Users/runner/Library/Developer/Xcode/DerivedData/KejinZhiWang-amdlcdptztoppfeghpacesdxlyrx/Build/Intermediates.noindex/ArchiveIntermediates/KejinZhiWang/InstallationBuildProductsLocation/Applications/KejinZhiWang.app --plist-output /Users/runner/Library/Developer/Xcode/DerivedData/KejinZhiWang-amdlcdptztoppfeghpacesdxlyrx/Build/Intermediates.noindex/ArchiveIntermediates/KejinZhiWang/IntermediateBuildFilesPath/KejinZhiWang.build/Release-iphoneos/KejinZhiWang.build/assetcatalog_generated_info.plist
2026-09-04T06:59:08.7715490Z note: Emplaced /Users/runner/Library/Developer/Xcode/DerivedData/KejinZhiWang-amdlcdptztoppfeghpacesdxlyrx/Build/Intermediates.noindex/ArchiveIntermediates/KejinZhiWang/InstallationBuildProductsLocation/Applications/KejinZhiWang.app/AppIcon60x60@2x.png (in target 'KejinZhiWang' from project 'KejinZhiWang')
2026-09-04T06:59:08.7843850Z note: Emplaced /Users/runner/Library/Developer/Xcode/DerivedData/KejinZhiWang-amdlcdptztoppfeghpacesdxlyrx/Build/Intermediates.noindex/ArchiveIntermediates/KejinZhiWang/InstallationBuildProductsLocation/Applications/KejinZhiWang.app/AppIcon76x76@2x~ipad.png (in target 'KejinZhiWang' from project 'KejinZhiWang')
2026-09-04T06:59:08.7945260Z note: Emplaced /Users/runner/Library/Developer/Xcode/DerivedData/KejinZhiWang-amdlcdptztoppfeghpacesdxlyrx/Build/Intermediates.noindex/ArchiveIntermediates/KejinZhiWang/InstallationBuildProductsLocation/Applications/KejinZhiWang.app/Assets.car (in target 'KejinZhiWang' from project 'KejinZhiWang')
2026-09-04T06:59:08.8065460Z 
2026-09-04T06:59:08.8168730Z SwiftExplicitDependencyGeneratePcm arm64 /Users/runner/Library/Developer/Xcode/DerivedData/ModuleCache.noindex/Foundation-1X62Q4Y5CFD79X7DK8WGN1XR7.pcm
2026-09-04T06:59:09.1304990Z 
2026-09-04T06:59:09.1341310Z ProcessInfoPlistFile /Users/runner/Library/Developer/Xcode/DerivedData/KejinZhiWang-amdlcdptztoppfeghpacesdxlyrx/Build/Intermediates.noindex/ArchiveIntermediates/KejinZhiWang/InstallationBuildProductsLocation/Applications/KejinZhiWang.app/Info.plist /Users/runner/work/kejinzhiwang-ios/kejinzhiwang-ios/Resources/Info.plist (in target 'KejinZhiWang' from project 'KejinZhiWang')
2026-09-04T06:59:09.1451230Z     cd /Users/runner/work/kejinzhiwang-ios/kejinzhiwang-ios
2026-09-04T06:59:09.1557360Z     builtin-infoPlistUtility /Users/runner/work/kejinzhiwang-ios/kejinzhiwang-ios/Resources/Info.plist -producttype com.apple.product-type.application -genpkginfo /Users/runner/Library/Developer/Xcode/DerivedData/KejinZhiWang-amdlcdptztoppfeghpacesdxlyrx/Build/Intermediates.noindex/ArchiveIntermediates/KejinZhiWang/InstallationBuildProductsLocation/Applications/KejinZhiWang.app/PkgInfo -expandbuildsettings -format binary -platform iphoneos -additionalcontentfile /Users/runner/Library/Developer/Xcode/DerivedData/KejinZhiWang-amdlcdptztoppfeghpacesdxlyrx/Build/Intermediates.noindex/ArchiveIntermediates/KejinZhiWang/IntermediateBuildFilesPath/KejinZhiWang.build/Release-iphoneos/KejinZhiWang.build/assetcatalog_generated_info.plist -requiredArchitecture arm64 -o /Users/runner/Library/Developer/Xcode/DerivedData/KejinZhiWang-amdlcdptztoppfeghpacesdxlyrx/Build/Intermediates.noindex/ArchiveIntermediates/KejinZhiWang/InstallationBuildProductsLocation/Applications/KejinZhiWang.app/Info.plist
2026-09-04T06:59:09.1661650Z 
2026-09-04T06:59:09.1779620Z SwiftExplicitDependencyGeneratePcm arm64 /Users/runner/Library/Developer/Xcode/DerivedData/ModuleCache.noindex/ImageIO-DO2T5X90PE8HDHJGTWQBWNA65.pcm
2026-09-04T06:59:09.1885400Z 
2026-09-04T06:59:09.1990210Z SwiftExplicitDependencyGeneratePcm arm64 /Users/runner/Library/Developer/Xcode/DerivedData/ModuleCache.noindex/CoreText-7G27BMK29AJO8FLDTQX72AKIO.pcm
2026-09-04T06:59:09.2092450Z 
2026-09-04T06:59:09.2200300Z SwiftExplicitDependencyGeneratePcm arm64 /Users/runner/Library/Developer/Xcode/DerivedData/ModuleCache.noindex/IOSurface-5JX3VCZ80M38F2Z6PCGNGZCAT.pcm
2026-09-04T06:59:09.2447530Z 
2026-09-04T06:59:09.2551020Z SwiftExplicitDependencyGeneratePcm arm64 /Users/runner/Library/Developer/Xcode/DerivedData/ModuleCache.noindex/UIUtilities-68BP72D2ARRWVKR5ND13PTZHD.pcm
2026-09-04T06:59:09.2651580Z 
2026-09-04T06:59:09.2771590Z SwiftExplicitDependencyGeneratePcm arm64 /Users/runner/Library/Developer/Xcode/DerivedData/ModuleCache.noindex/FileProvider-2IGH0JAASCWFWTHH3HQB16NAT.pcm
2026-09-04T06:59:09.2870810Z 
2026-09-04T06:59:09.2974630Z SwiftExplicitDependencyGeneratePcm arm64 /Users/runner/Library/Developer/Xcode/DerivedData/ModuleCache.noindex/OSLog-DKEX056QW3YCNCO6DBH0EAM0E.pcm
2026-09-04T06:59:09.3079100Z 
2026-09-04T06:59:09.3192320Z SwiftExplicitDependencyGeneratePcm arm64 /Users/runner/Library/Developer/Xcode/DerivedData/ModuleCache.noindex/UniformTypeIdentifiers-5SQL832U5YS5P4OFS71ZU71ZH.pcm
2026-09-04T06:59:09.3294020Z 
2026-09-04T06:59:09.3410040Z SwiftExplicitDependencyGeneratePcm arm64 /Users/runner/Library/Developer/Xcode/DerivedData/ModuleCache.noindex/UserNotifications-9XZE59KS9YG29GOP295XNSED9.pcm
2026-09-04T06:59:09.3731100Z 
2026-09-04T06:59:09.3834110Z SwiftExplicitDependencyGeneratePcm arm64 /Users/runner/Library/Developer/Xcode/DerivedData/ModuleCache.noindex/CoreTransferable-AAQIWS8UG8MGA4ZNEWBZ2W2IY.pcm
2026-09-04T06:59:09.3935380Z 
2026-09-04T06:59:09.4037070Z SwiftExplicitDependencyGeneratePcm arm64 /Users/runner/Library/Developer/Xcode/DerivedData/ModuleCache.noindex/LocalAuthentication-B61A4A0O9V13A05J92TMXA2JF.pcm
2026-09-04T06:59:09.4274270Z 
2026-09-04T06:59:09.4377500Z SwiftExplicitDependencyGeneratePcm arm64 /Users/runner/Library/Developer/Xcode/DerivedData/ModuleCache.noindex/Metal-DNRDTVJ2K7CPTS3LY6NISTWHE.pcm
2026-09-04T06:59:09.6357660Z 
2026-09-04T06:59:09.6461500Z SwiftExplicitDependencyGeneratePcm arm64 /Users/runner/Library/Developer/Xcode/DerivedData/ModuleCache.noindex/Symbols-3Z96XHQKJOEPY4CGQ63YIUGXQ.pcm
2026-09-04T06:59:09.6527900Z 
2026-09-04T06:59:09.6542470Z SwiftExplicitDependencyGeneratePcm arm64 /Users/runner/Library/Developer/Xcode/DerivedData/ModuleCache.noindex/DataDetection-D4KJ1S9E4WLZ9667PTN5AXI9K.pcm
2026-09-04T06:59:09.6613750Z 
2026-09-04T06:59:09.6723300Z SwiftExplicitDependencyGeneratePcm arm64 /Users/runner/Library/Developer/Xcode/DerivedData/ModuleCache.noindex/CoreData-3FH3JHVLSCG105NRLU6T3RF4G.pcm
2026-09-04T06:59:09.6826440Z 
2026-09-04T06:59:09.6877410Z SwiftExplicitDependencyGeneratePcm arm64 /Users/runner/Library/Developer/Xcode/DerivedData/ModuleCache.noindex/Network-CV64AECI38K2LZC189XU1XATE.pcm
2026-09-04T06:59:09.6886180Z 
2026-09-04T06:59:09.6887390Z SwiftExplicitDependencyGeneratePcm arm64 /Users/runner/Library/Developer/Xcode/DerivedData/ModuleCache.noindex/Accessibility-ZCOQIL8YWBFQ0TLBXFB2N57I.pcm
2026-09-04T06:59:09.6888800Z 
2026-09-04T06:59:09.6899710Z SwiftExplicitDependencyGeneratePcm arm64 /Users/runner/Library/Developer/Xcode/DerivedData/ModuleCache.noindex/OpenGLES-457SP2TZA6UHDMTKTCX1NW350.pcm
2026-09-04T06:59:09.7690590Z 
2026-09-04T06:59:09.7692440Z SwiftExplicitDependencyGeneratePcm arm64 /Users/runner/Library/Developer/Xcode/DerivedData/ModuleCache.noindex/CoreVideo-BZMXU0P2Z8IQSJANCXSICOTKV.pcm
2026-09-04T06:59:09.9021830Z 
2026-09-04T06:59:09.9035050Z SwiftExplicitDependencyGeneratePcm arm64 /Users/runner/Library/Developer/Xcode/DerivedData/ModuleCache.noindex/CoreImage-27LC9VRXJDFZFMFSKO9E5CY0O.pcm
2026-09-04T06:59:10.0842150Z 
2026-09-04T06:59:10.0844980Z SwiftExplicitDependencyGeneratePcm arm64 /Users/runner/Library/Developer/Xcode/DerivedData/ModuleCache.noindex/QuartzCore-566Q57FTIWBTHFMCCY09MABDC.pcm
2026-09-04T06:59:10.0845570Z 
2026-09-04T06:59:10.0846260Z SwiftExplicitDependencyGeneratePcm arm64 /Users/runner/Library/Developer/Xcode/DerivedData/ModuleCache.noindex/SwiftUICore-9DIEMH4Z9T64AGJB2R6KD3EOR.pcm
2026-09-04T06:59:10.1256450Z 
2026-09-04T06:59:10.1257200Z SwiftExplicitDependencyGeneratePcm arm64 /Users/runner/Library/Developer/Xcode/DerivedData/ModuleCache.noindex/UIKit-EXU98BO9TKBKUJMALVDROIG6.pcm
2026-09-04T06:59:11.3199150Z 
2026-09-04T06:59:11.3202970Z SwiftExplicitDependencyGeneratePcm arm64 /Users/runner/Library/Developer/Xcode/DerivedData/ModuleCache.noindex/SwiftUI-6B305YEGM6ZJ1GCRJMNGN14J6.pcm
2026-09-04T06:59:11.4528090Z 
2026-09-04T06:59:11.4698180Z SwiftExplicitDependencyGeneratePcm arm64 /Users/runner/Library/Developer/Xcode/DerivedData/ModuleCache.noindex/WebKit-BHUTFRGY1UJ4DIE8PORWCVFMS.pcm
2026-09-04T06:59:11.6240830Z 
2026-09-04T06:59:11.6414350Z SwiftCompile normal arm64 Compiling\ AccountsView.swift,\ AppStore.swift,\ BinBuilder.swift,\ Bon.swift,\ BonCodec.swift,\ CodeBookCrypto.swift,\ DataIo.swift,\ Dialogs.swift,\ FileSupport.swift,\ GameWebView.swift,\ GamesView.swift,\ Http.swift,\ ImportView.swift,\ ImportViewModel.swift,\ InjectScripts.swift,\ Json.swift,\ KejinZhiWangApp.swift,\ LocalHttpServer.swift,\ Log.swift,\ Lz4.swift,\ Models.swift,\ PresetScripts.swift,\ RendererCache.swift,\ RootView.swift,\ ScriptCache.swift,\ ScriptsView.swift,\ ServerManager.swift,\ Theme.swift,\ Toast.swift,\ UpdateChecker.swift,\ WxLogin.swift,\ XyCrypto.swift,\ XyEndpoints.swift,\ GeneratedAssetSymbols.swift /Users/runner/work/kejinzhiwang-ios/kejinzhiwang-ios/Sources/UI/AccountsView.swift /Users/runner/work/kejinzhiwang-ios/kejinzhiwang-ios/Sources/Data/AppStore.swift /Users/runner/work/kejinzhiwang-ios/kejinzhiwang-ios/Sources/Importer/BinBuilder.swift /Users/runner/work/kejinzhiwang-ios/kejinzhiwang-ios/Sources/Bon/Bon.swift /Users/runner/work/kejinzhiwang-ios/kejinzhiwang-ios/Sources/Bon/BonCodec.swift /Users/runner/work/kejinzhiwang-ios/kejinzhiwang-ios/Sources/Importer/CodeBookCrypto.swift /Users/runner/work/kejinzhiwang-ios/kejinzhiwang-ios/Sources/Bon/DataIo.swift /Users/runner/work/kejinzhiwang-ios/kejinzhiwang-ios/Sources/UI/Dialogs.swift /Users/runner/work/kejinzhiwang-ios/kejinzhiwang-ios/Sources/UI/FileSupport.swift /Users/runner/work/kejinzhiwang-ios/kejinzhiwang-ios/Sources/Core/GameWebView.swift /Users/runner/work/kejinzhiwang-ios/kejinzhiwang-ios/Sources/UI/GamesView.swift /Users/runner/work/kejinzhiwang-ios/kejinzhiwang-ios/Sources/Importer/Http.swift /Users/runner/work/kejinzhiwang-ios/kejinzhiwang-ios/Sources/UI/ImportView.swift /Users/runner/work/kejinzhiwang-ios/kejinzhiwang-ios/Sources/Importer/ImportViewModel.swift /Users/runner/work/kejinzhiwang-ios/kejinzhiwang-ios/Sources/Core/InjectScripts.swift /Users/runner/work/kejinzhiwang-ios/kejinzhiwang-ios/Sources/Importer/Json.swift /Users/runner/work/kejinzhiwang-ios/kejinzhiwang-ios/Sources/App/KejinZhiWangApp.swift /Users/runner/work/kejinzhiwang-ios/kejinzhiwang-ios/Sources/Core/LocalHttpServer.swift /Users/runner/work/kejinzhiwang-ios/kejinzhiwang-ios/Sources/Core/Log.swift /Users/runner/work/kejinzhiwang-ios/kejinzhiwang-ios/Sources/Bon/Lz4.swift /Users/runner/work/kejinzhiwang-ios/kejinzhiwang-ios/Sources/Data/Models.swift /Users/runner/work/kejinzhiwang-ios/kejinzhiwang-ios/Sources/Data/PresetScripts.swift /Users/runner/work/kejinzhiwang-ios/kejinzhiwang-ios/Sources/Core/RendererCache.swift /Users/runner/work/kejinzhiwang-ios/kejinzhiwang-ios/Sources/UI/RootView.swift /Users/runner/work/kejinzhiwang-ios/kejinzhiwang-ios/Sources/Core/ScriptCache.swift /Users/runner/work/kejinzhiwang-ios/kejinzhiwang-ios/Sources/UI/ScriptsView.swift /Users/runner/work/kejinzhiwang-ios/kejinzhiwang-ios/Sources/Core/ServerManager.swift /Users/runner/work/kejinzhiwang-ios/kejinzhiwang-ios/Sources/UI/Theme.swift /Users/runner/work/kejinzhiwang-ios/kejinzhiwang-ios/Sources/UI/Toast.swift /Users/runner/work/kejinzhiwang-ios/kejinzhiwang-ios/Sources/Core/UpdateChecker.swift /Users/runner/work/kejinzhiwang-ios/kejinzhiwang-ios/Sources/Importer/WxLogin.swift /Users/runner/work/kejinzhiwang-ios/kejinzhiwang-ios/Sources/Bon/XyCrypto.swift /Users/runner/work/kejinzhiwang-ios/kejinzhiwang-ios/Sources/Importer/XyEndpoints.swift /Users/runner/Library/Developer/Xcode/DerivedData/KejinZhiWang-amdlcdptztoppfeghpacesdxlyrx/Build/Intermediates.noindex/ArchiveIntermediates/KejinZhiWang/IntermediateBuildFilesPath/KejinZhiWang.build/Release-iphoneos/KejinZhiWang.build/DerivedSources/GeneratedAssetSymbols.swift /Applications/Xcode_26.6.app/Contents/Developer/Toolchains/XcodeDefault.xctoolchain/usr/lib/swift/iphoneos/prebuilt-modules/26.5/DataDetection.swiftmodule/arm64e-apple-ios.swiftmodule /Applications/Xcode_26.6.app/Contents/Developer/Toolchains/XcodeDefault.xctoolchain/usr/lib/swift/iphoneos/prebuilt-modules/26.5/Combine.swiftmodule/arm64e-apple-ios.swiftmodule /Applications/Xcode_26.6.app/Contents/Developer/Toolchains/XcodeDefault.xctoolchain/usr/lib/swift/iphoneos/prebuilt-modules/26.5/simd.swiftmodule/arm64e-apple-ios.swiftmodule /Applications/Xcode_26.6.app/Contents/Developer/Toolchains/XcodeDefault.xctoolchain/usr/lib/swift/iphoneos/prebuilt-modules/26.5/UniformTypeIdentifiers.swiftmodule/arm64e-apple-ios.swiftmodule /Applications/Xcode_26.6.app/Contents/Developer/Toolchains/XcodeDefault.xctoolchain/usr/lib/swift/iphoneos/prebuilt-modules/26.5/Distributed.swiftmodule/arm64e-apple-ios.swiftmodule /Applications/Xcode_26.6.app/Contents/Developer/Toolchains/XcodeDefault.xctoolchain/usr/lib/swift/iphoneos/prebuilt-modules/26.5/_WebKit_SwiftUI.swiftmodule/arm64e-apple-ios.swiftmodule /Applications/Xcode_26.6.app/Contents/Developer/Toolchains/XcodeDefault.xctoolchain/usr/lib/swift/iphoneos/prebuilt-modules/26.5/Swift.swiftmodule/arm64e-apple-ios.swiftmodule /Applications/Xcode_26.6.app/Contents/Developer/Toolchains/XcodeDefault.xctoolchain/usr/lib/swift/iphoneos/prebuilt-modules/26.5/WebKit.swiftmodule/arm64e-apple-ios.swiftmodule /Applications/Xcode_26.6.app/Contents/Developer/Toolchains/XcodeDefault.xctoolchain/usr/lib/swift/iphoneos/prebuilt-modules/26.5/_DarwinFoundation3.swiftmodule/arm64e-apple-ios.swiftmodule /Applications/Xcode_26.6.app/Contents/Developer/Toolchains/XcodeDefault.xctoolchain/usr/lib/swift/iphoneos/prebuilt-modules/26.5/CoreText.swiftmodule/arm64e-apple-ios.swiftmodule /Applications/Xcode_26.6.app/Contents/Developer/Toolchains/XcodeDefault.xctoolchain/usr/lib/swift/iphoneos/prebuilt-modules/26.5/OSLog.swiftmodule/arm64e-apple-ios.swiftmodule /Applications/Xcode_26.6.app/Contents/Developer/Toolchains/XcodeDefault.xctoolchain/usr/lib/swift/iphoneos/prebuilt-modules/26.5/Accessibility.swiftmodule/arm64e-apple-ios.swiftmodule /Applications/Xcode_26.6.app/Contents/Developer/Toolchains/XcodeDefault.xctoolchain/usr/lib/swift/iphoneos/prebuilt-modules/26.5/CoreFoundation.swiftmodule/arm64e-apple-ios.swiftmodule /Applications/Xcode_26.6.app/Contents/Developer/Toolchains/XcodeDefault.xctoolchain/usr/lib/swift/iphoneos/prebuilt-modules/26.5/CryptoKit.swiftmodule/arm64e-apple-ios.swiftmodule /Applications/Xcode_26.6.app/Contents/Developer/Toolchains/XcodeDefault.xctoolchain/usr/lib/swift/iphoneos/prebuilt-modules/26.5/Observation.swiftmodule/arm64e-apple-ios.swiftmodule /Applications/Xcode_26.6.app/Contents/Developer/Toolchains/XcodeDefault.xctoolchain/usr/lib/swift/iphoneos/prebuilt-modules/26.5/Symbols.swiftmodule/arm64e-apple-ios.swiftmodule /Applications/Xcode_26.6.app/Contents/Developer/Toolchains/XcodeDefault.xctoolchain/usr/lib/swift/iphoneos/prebuilt-modules/26.5/Darwin.swiftmodule/arm64e-apple-ios.swiftmodule /Applications/Xcode_26.6.app/Contents/Developer/Toolchains/XcodeDefault.xctoolchain/usr/lib/swift/iphoneos/prebuilt-modules/26.5/Network.swiftmodule/arm64e-apple-ios.swiftmodule /Applications/Xcode_26.6.app/Contents/Developer/Toolchains/XcodeDefault.xctoolchain/usr/lib/swift/iphoneos/prebuilt-modules/26.5/CoreGraphics.swiftmodule/arm64e-apple-ios.swiftmodule /Applications/Xcode_26.6.app/Contents/Developer/Toolchains/XcodeDefault.xctoolchain/usr/lib/swift/iphoneos/prebuilt-modules/26.5/CoreVideo.swiftmodule/arm64e-apple-ios.swiftmodule /Applications/Xcode_26.6.app/Contents/Developer/Toolchains/XcodeDefault.xctoolchain/usr/lib/swift/iphoneos/prebuilt-modules/26.5/_DarwinFoundation2.swiftmodule/arm64e-apple-ios.swiftmodule /Applications/Xcode_26.6.app/Contents/Developer/Toolchains/XcodeDefault.xctoolchain/usr/lib/swift/iphoneos/prebuilt-modules/26.5/SwiftUICore.swiftmodule/arm64e-apple-ios.swiftmodule /Applications/Xcode_26.6.app/Contents/Developer/Toolchains/XcodeDefault.xctoolchain/usr/lib/swift/iphoneos/prebuilt-modules/26.5/DeveloperToolsSupport.swiftmodule/arm64e-apple-ios.swiftmodule /Applications/Xcode_26.6.app/Contents/Developer/Toolchains/XcodeDefault.xctoolchain/usr/lib/swift/iphoneos/prebuilt-modules/26.5/UIKit.swiftmodule/arm64e-apple-ios.swiftmodule /Applications/Xcode_26.6.app/Contents/Developer/Toolchains/XcodeDefault.xctoolchain/usr/lib/swift/iphoneos/prebuilt-modules/26.5/CoreTransferable.swiftmodule/arm64e-apple-ios.swiftmodule /Applications/Xcode_26.6.app/Contents/Developer/Toolchains/XcodeDefault.xctoolchain/usr/lib/swift/iphoneos/prebuilt-modules/26.5/_StringProcessing.swiftmodule/arm64e-apple-ios.swiftmodule /Applications/Xcode_26.6.app/Contents/Developer/Toolchains/XcodeDefault.xctoolchain/usr/lib/swift/iphoneos/prebuilt-modules/26.5/QuartzCore.swiftmodule/arm64e-apple-ios.swiftmodule /Applications/Xcode_26.6.app/Contents/Developer/Toolchains/XcodeDefault.xctoolchain/usr/lib/swift/iphoneos/prebuilt-modules/26.5/Dispatch.swiftmodule/arm64e-apple-ios.swiftmodule /Applications/Xcode_26.6.app/Contents/Developer/Toolchains/XcodeDefault.xctoolchain/usr/lib/swift/iphoneos/prebuilt-modules/26.5/System.swiftmodule/arm64e-apple-ios.swiftmodule /Applications/Xcode_26.6.app/Contents/Developer/Toolchains/XcodeDefault.xctoolchain/usr/lib/swift/iphoneos/prebuilt-modules/26.5/Spatial.swiftmodule/arm64e-apple-ios.swiftmodule /Applications/Xcode_26.6.app/Contents/Developer/Toolchains/XcodeDefault.xctoolchain/usr/lib/swift/iphoneos/prebuilt-modules/26.5/XPC.swiftmodule/arm64e-apple-ios.swiftmodule /Applications/Xcode_26.6.app/Contents/Developer/Toolchains/XcodeDefault.xctoolchain/usr/lib/swift/iphoneos/prebuilt-modules/26.5/_Builtin_float.swiftmodule/arm64e-apple-ios.swiftmodule /Applications/Xcode_26.6.app/Contents/Developer/Toolchains/XcodeDefault.xctoolchain/usr/lib/swift/iphoneos/prebuilt-modules/26.5/Foundation.swiftmodule/arm64e-apple-ios.swiftmodule /Applications/Xcode_26.6.app/Contents/Developer/Toolchains/XcodeDefault.xctoolchain/usr/lib/swift/iphoneos/prebuilt-modules/26.5/FileProvider.swiftmodule/arm64e-apple-ios.swiftmodule /Applications/Xcode_26.6.app/Contents/Developer/Toolchains/XcodeDefault.xctoolchain/usr/lib/swift/iphoneos/prebuilt-modules/26.5/_Concurrency.swiftmodule/arm64e-apple-ios.swiftmodule /Applications/Xcode_26.6.app/Contents/Developer/Toolchains/XcodeDefault.xctoolchain/usr/lib/swift/iphoneos/prebuilt-modules/26.5/SwiftUI.swiftmodule/arm64e-apple-ios.swiftmodule /Applications/Xcode_26.6.app/Contents/Developer/Toolchains/XcodeDefault.xctoolchain/usr/lib/swift/iphoneos/prebuilt-modules/26.5/CoreData.swiftmodule/arm64e-apple-ios.swiftmodule /Applications/Xcode_26.6.app/Contents/Developer/Toolchains/XcodeDefault.xctoolchain/usr/lib/swift/iphoneos/prebuilt-modules/26.5/LocalAuthentication.swiftmodule/arm64e-apple-ios.swiftmodule /Applications/Xcode_26.6.app/Contents/Developer/Toolchains/XcodeDefault.xctoolchain/usr/lib/swift/iphoneos/prebuilt-modules/26.5/Metal.swiftmodule/arm64e-apple-ios.swiftmodule /Applications/Xcode_26.6.app/Contents/Developer/Toolchains/XcodeDefault.xctoolchain/usr/lib/swift/iphoneos/prebuilt-modules/26.5/CoreImage.swiftmodule/arm64e-apple-ios.swiftmodule /Applications/Xcode_26.6.app/Contents/Developer/Toolchains/XcodeDefault.xctoolchain/usr/lib/swift/iphoneos/prebuilt-modules/26.5/_DarwinFoundation1.swiftmodule/arm64e-apple-ios.swiftmodule /Applications/Xcode_26.6.app/Contents/Developer/Toolchains/XcodeDefault.xctoolchain/usr/lib/swift/iphoneos/prebuilt-modules/26.5/os.swiftmodule/arm64e-apple-ios.swiftmodule /Applications/Xcode_26.6.app/Contents/Developer/Toolchains/XcodeDefault.xctoolchain/usr/lib/swift/iphoneos/prebuilt-modules/26.5/ObjectiveC.swiftmodule/arm64e-apple-ios.swiftmodule /Users/runner/Library/Developer/Xcode/DerivedData/ModuleCache.noindex/Foundation-1X62Q4Y5CFD79X7DK8WGN1XR7.pcm /Users/runner/Library/Developer/Xcode/DerivedData/ModuleCache.noindex/_Builtin_stdbool-F2JDNPQEX6SQ9OSYLY30YZQUK.pcm /Users/runner/Library/Developer/Xcode/DerivedData/ModuleCache.noindex/MachO-B6RJ1U22Q2HMP7YR9Z0P7VQ0Z.pcm /Users/runner/Library/Developer/Xcode/DerivedData/ModuleCache.noindex/OSLog-DKEX056QW3YCNCO6DBH0EAM0E.pcm /Users/runner/Library/Developer/Xcode/DerivedData/ModuleCache.noindex/Symbols-3Z96XHQKJOEPY4CGQ63YIUGXQ.pcm /Users/runner/Library/Developer/Xcode/DerivedData/ModuleCache.noindex/_Builtin_limits-5XLAGNJNMUIA35MLR9224J96G.pcm /Users/runner/Library/Developer/Xcode/DerivedData/ModuleCache.noindex/simd-CLUOIJ1OU38JUV8Q94GRO1JFW.pcm /Users/runner/Library/Developer/Xcode/DerivedData/ModuleCache.noindex/UniformTypeIdentifiers-5SQL832U5YS5P4OFS71ZU71ZH.pcm /Users/runner/Library/Developer/Xcode/DerivedData/ModuleCache.noindex/WebKit-BHUTFRGY1UJ4DIE8PORWCVFMS.pcm /Users/runner/Library/Developer/Xcode/DerivedData/ModuleCache.noindex/CoreData-3FH3JHVLSCG105NRLU6T3RF4G.pcm /Users/runner/Library/Developer/Xcode/DerivedData/ModuleCache.noindex/OpenGLES-457SP2TZA6UHDMTKTCX1NW350.pcm /Users/runner/Library/Developer/Xcode/DerivedData/ModuleCache.noindex/XPC-4PB7SR0PM1G3Z1V4ERK8LTRR6.pcm /Users/runner/Library/Developer/Xcode/DerivedData/ModuleCache.noindex/os-1REBWOFRQ4PBO7QOUF0V31OPU.pcm /Users/runner/Library/Developer/Xcode/DerivedData/ModuleCache.noindex/DeveloperToolsSupport-EMHRDK0O1ZXXZII2U7HYGBAAB.pcm /Users/runner/Library/Developer/Xcode/DerivedData/ModuleCache.noindex/_Builtin_float-2YO6PSBAHJ04WO49MXMPSPE2E.pcm /Users/runner/Library/Developer/Xcode/DerivedData/ModuleCache.noindex/ptrauth-DABL4NITE6FI9XGP0U5ICP5U7.pcm /Users/runner/Library/Developer/Xcode/DerivedData/ModuleCache.noindex/Metal-DNRDTVJ2K7CPTS3LY6NISTWHE.pcm /Users/runner/Library/Developer/Xcode/DerivedData/ModuleCache.noindex/_DarwinFoundation2-CHABC5SS8N2OTC0RLF1PF00IL.pcm /Users/runner/Library/Developer/Xcode/DerivedData/ModuleCache.noindex/ObjectiveC-UL57PEN9KLSC4RHLEIGY3HA.pcm /Users/runner/Library/Developer/Xcode/DerivedData/ModuleCache.noindex/SwiftUICore-9DIEMH4Z9T64AGJB2R6KD3EOR.pcm /Users/runner/Library/Developer/Xcode/DerivedData/ModuleCache.noindex/CoreTransferable-AAQIWS8UG8MGA4ZNEWBZ2W2IY.pcm /Users/runner/Library/Developer/Xcode/DerivedData/ModuleCache.noindex/os_workgroup-32Z9ZWHZO4UN3G5VTRHGO9J2G.pcm /Users/runner/Library/Developer/Xcode/DerivedData/ModuleCache.noindex/CFNetwork-4AKTMCE1W2AF00ZV9XZ8XN8BU.pcm /Users/runner/Library/Developer/Xcode/DerivedData/ModuleCache.noindex/_Builtin_inttypes-AMA2B4Y7QBKPABLXFSRFWCL9N.pcm /Users/runner/Library/Developer/Xcode/DerivedData/ModuleCache.noindex/_Builtin_tgmath-54R3DMFU6DS0GI3Z1X2FGPB20.pcm /Users/runner/Library/Developer/Xcode/DerivedData/ModuleCache.noindex/_Builtin_intrinsics-99O65VBQ24FR6L5LL9JW9AR1W.pcm /Users/runner/Library/Developer/Xcode/DerivedData/ModuleCache.noindex/QuartzCore-566Q57FTIWBTHFMCCY09MABDC.pcm /Users/runner/Library/Developer/Xcode/DerivedData/ModuleCache.noindex/ImageIO-DO2T5X90PE8HDHJGTWQBWNA65.pcm /Users/runner/Library/Developer/Xcode/DerivedData/ModuleCache.noindex/CoreVideo-BZMXU0P2Z8IQSJANCXSICOTKV.pcm /Users/runner/Library/Developer/Xcode/DerivedData/ModuleCache.noindex/_DarwinFoundation3-DT13DYQO20ZPMHDX5CDK95E4D.pcm /Users/runner/Library/Developer/Xcode/DerivedData/ModuleCache.noindex/_Builtin_stdint-1IVO0O4NH45TV1AYF52FCLU39.pcm /Users/runner/Library/Developer/Xcode/DerivedData/ModuleCache.noindex/CoreImage-27LC9VRXJDFZFMFSKO9E5CY0O.pcm /Users/runner/Library/Developer/Xcode/DerivedData/ModuleCache.noindex/CoreGraphics-1G5052L8UUCYJ9W6QLENAXY9U.pcm /Users/runner/Library/Developer/Xcode/DerivedData/ModuleCache.noindex/FileProvider-2IGH0JAASCWFWTHH3HQB16NAT.pcm /Users/runner/Library/Developer/Xcode/DerivedData/ModuleCache.noindex/IOSurface-5JX3VCZ80M38F2Z6PCGNGZCAT.pcm /Users/runner/Library/Developer/Xcode/DerivedData/ModuleCache.noindex/UIKit-EXU98BO9TKBKUJMALVDROIG6.pcm /Users/runner/Library/Developer/Xcode/DerivedData/ModuleCache.noindex/SwiftUI-6B305YEGM6ZJ1GCRJMNGN14J6.pcm /Users/runner/Library/Developer/Xcode/DerivedData/ModuleCache.noindex/SwiftShims-72SLMYIIT0DF0R4G8CULVMIGB.pcm /Users/runner/Library/Developer/Xcode/DerivedData/ModuleCache.noindex/sys_types-6VUOHF7N0NSAAA8P9FPHKE8W6.pcm /Users/runner/Library/Developer/Xcode/DerivedData/ModuleCache.noindex/UIUtilities-68BP72D2ARRWVKR5ND13PTZHD.pcm /Users/runner/Library/Developer/Xcode/DerivedData/ModuleCache.noindex/Spatial-66ZFZVSPF6NR4DI3VRZP5OD1H.pcm /Users/runner/Library/Developer/Xcode/DerivedData/ModuleCache.noindex/DataDetection-D4KJ1S9E4WLZ9667PTN5AXI9K.pcm /Users/runner/Library/Developer/Xcode/DerivedData/ModuleCache.noindex/Accessibility-ZCOQIL8YWBFQ0TLBXFB2N57I.pcm /Users/runner/Library/Developer/Xcode/DerivedData/ModuleCache.noindex/_DarwinFoundation1-AVQP07R3FLQDOZLLLTSBQE6KZ.pcm /Users/runner/Library/Developer/Xcode/DerivedData/ModuleCache.noindex/Darwin-D9UWKS8G5A983R1DJ4W24YSKP.pcm /Users/runner/Library/Developer/Xcode/DerivedData/ModuleCache.noindex/CoreFoundation-AJVBJNWJLXSNXAG6CFR83HFOF.pcm /Users/runner/Library/Developer/Xcode/DerivedData/ModuleCache.noindex/_Builtin_stdarg-AWNHK52NN9LOBSP9B3ES6N4JP.pcm /Users/runner/Library/Developer/Xcode/DerivedData/ModuleCache.noindex/_AvailabilityInternal-D134KYCM5B7H7LEX0UZ8E87OC.pcm /Users/runner/Library/Developer/Xcode/DerivedData/ModuleCache.noindex/CoreText-7G27BMK29AJO8FLDTQX72AKIO.pcm /Users/runner/Library/Developer/Xcode/DerivedData/ModuleCache.noindex/dnssd-AB1MJ0IHS4AY4FMB9VINDZFNL.pcm /Users/runner/Library/Developer/Xcode/DerivedData/ModuleCache.noindex/os_object-E4IBKKHD0T0YBYBJLG4YXIM1L.pcm /Users/runner/Library/Developer/Xcode/DerivedData/ModuleCache.noindex/LocalAuthentication-B61A4A0O9V13A05J92TMXA2JF.pcm /Users/runner/Library/Developer/Xcode/DerivedData/ModuleCache.noindex/_Builtin_stddef-DM9FIK1TI14UIQLTPTSDRJRH8.pcm /Users/runner/Library/Developer/Xcode/DerivedData/ModuleCache.noindex/Network-CV64AECI38K2LZC189XU1XATE.pcm /Users/runner/Library/Developer/Xcode/DerivedData/ModuleCache.noindex/zlib-2VZ41HE3UV9I94QLISZK2WL6O.pcm /Users/runner/Library/Developer/Xcode/DerivedData/ModuleCache.noindex/Dispatch-9CU9L6AJGABEPEK1MML5WOJEH.pcm /Users/runner/Library/Developer/Xcode/DerivedData/ModuleCache.noindex/_SwiftConcurrencyShims-11WQO0U6NUPEG5KX0XIBPK7HV.pcm /Users/runner/Library/Developer/Xcode/DerivedData/ModuleCache.noindex/ptrcheck-F4E3AJ5OSHOZ9IBB2GP04PWWI.pcm /Users/runner/Library/Developer/Xcode/DerivedData/ModuleCache.noindex/UserNotifications-9XZE59KS9YG29GOP295XNSED9.pcm /Users/runner/Library/Developer/Xcode/DerivedData/ModuleCache.noindex/Security-CIWSTZAS0BOTYSHUXXOWYSEX5.pcm /Users/runner/Library/Developer/Xcode/DerivedData/ModuleCache.noindex/_Builtin_stdatomic-9060L4NKPD5ER5I6FJ57E8WVA.pcm /Users/runner/Library/Developer/Xcode/DerivedData/KejinZhiWang-amdlcdptztoppfeghpacesdxlyrx/Build/Intermediates.noindex/ArchiveIntermediates/KejinZhiWang/IntermediateBuildFilesPath/KejinZhiWang.build/Release-iphoneos/KejinZhiWang.build/Objects-normal/arm64/KejinZhiWang-dependencies-1.json (in target 'KejinZhiWang' from project 'KejinZhiWang')
2026-09-04T06:59:11.6911740Z 
2026-09-04T06:59:11.6919280Z CompileSwift normal arm64 (in target 'KejinZhiWang' from project 'KejinZhiWang')
2026-09-04T06:59:11.6930130Z     cd /Users/runner/work/kejinzhiwang-ios/kejinzhiwang-ios
2026-09-04T06:59:11.6935910Z     
2026-09-04T06:59:14.8352210Z /Users/runner/work/kejinzhiwang-ios/kejinzhiwang-ios/Sources/Importer/BinBuilder.swift:187:75: error: missing argument label 'serverId:' in call
2026-09-04T06:59:14.8457990Z             let bytes = XyCrypto.encryptLX(BonEncoder().encode(cred.toBon(role.serverId)))
2026-09-04T06:59:14.8571440Z                                                                           ^
2026-09-04T06:59:14.8688940Z                                                                           serverId: 
2026-09-04T06:59:14.8791350Z /Users/runner/work/kejinzhiwang-ios/kejinzhiwang-ios/Sources/Core/GameWebView.swift:68:28: warning: 'javaScriptEnabled' was deprecated in iOS 14.0: Use WKWebpagePreferences.allowsContentJavaScript to disable content JavaScript on a per-navigation basis
2026-09-04T06:59:14.8840020Z ** ARCHIVE FAILED **
2026-09-04T06:59:14.8874790Z         config.preferences.javaScriptEnabled = true
2026-09-04T06:59:14.8875310Z 
2026-09-04T06:59:14.8875600Z                            ^
2026-09-04T06:59:14.8876280Z 
2026-09-04T06:59:14.8877130Z /Users/runner/work/kejinzhiwang-ios/kejinzhiwang-ios/Sources/Core/GameWebView.swift:393:35: warning: reference to captured var 'self' in concurrently-executing code; this is an error in the Swift 6 language mode
2026-09-04T06:59:14.9105940Z The following build commands failed:
2026-09-04T06:59:14.9106400Z             await MainActor.run { self?.eval(js) }
2026-09-04T06:59:14.9211300Z 	CompileSwift normal arm64 (in target 'KejinZhiWang' from project 'KejinZhiWang')
2026-09-04T06:59:14.9212680Z                                   ^
2026-09-04T06:59:14.9402180Z 	SwiftCompile normal arm64 Compiling\ AccountsView.swift,\ AppStore.swift,\ BinBuilder.swift,\ Bon.swift,\ BonCodec.swift,\ CodeBookCrypto.swift,\ DataIo.swift,\ Dialogs.swift,\ FileSupport.swift,\ GameWebView.swift,\ GamesView.swift,\ Http.swift,\ ImportView.swift,\ ImportViewModel.swift,\ InjectScripts.swift,\ Json.swift,\ KejinZhiWangApp.swift,\ LocalHttpServer.swift,\ Log.swift,\ Lz4.swift,\ Models.swift,\ PresetScripts.swift,\ RendererCache.swift,\ RootView.swift,\ ScriptCache.swift,\ ScriptsView.swift,\ ServerManager.swift,\ Theme.swift,\ Toast.swift,\ UpdateChecker.swift,\ WxLogin.swift,\ XyCrypto.swift,\ XyEndpoints.swift,\ GeneratedAssetSymbols.swift /Users/runner/work/kejinzhiwang-ios/kejinzhiwang-ios/Sources/UI/AccountsView.swift /Users/runner/work/kejinzhiwang-ios/kejinzhiwang-ios/Sources/Data/AppStore.swift /Users/runner/work/kejinzhiwang-ios/kejinzhiwang-ios/Sources/Importer/BinBuilder.swift /Users/runner/work/kejinzhiwang-ios/kejinzhiwang-ios/Sources/Bon/Bon.swift /Users/runner/work/kejinzhiwang-ios/kejinzhiwang-ios/Sources/Bon/BonCodec.swift /Users/runner/work/kejinzhiwang-ios/kejinzhiwang-ios/Sources/Importer/CodeBookCrypto.swift /Users/runner/work/kejinzhiwang-ios/kejinzhiwang-ios/Sources/Bon/DataIo.swift /Users/runner/work/kejinzhiwang-ios/kejinzhiwang-ios/Sources/UI/Dialogs.swift /Users/runner/work/kejinzhiwang-ios/kejinzhiwang-ios/Sources/UI/FileSupport.swift /Users/runner/work/kejinzhiwang-ios/kejinzhiwang-ios/Sources/Core/GameWebView.swift /Users/runner/work/kejinzhiwang-ios/kejinzhiwang-ios/Sources/UI/GamesView.swift /Users/runner/work/kejinzhiwang-ios/kejinzhiwang-ios/Sources/Importer/Http.swift /Users/runner/work/kejinzhiwang-ios/kejinzhiwang-ios/Sources/UI/ImportView.swift /Users/runner/work/kejinzhiwang-ios/kejinzhiwang-ios/Sources/Importer/ImportViewModel.swift /Users/runner/work/kejinzhiwang-ios/kejinzhiwang-ios/Sources/Core/InjectScripts.swift /Users/runner/work/kejinzhiwang-ios/kejinzhiwang-ios/Sources/Importer/Json.swift /Users/runner/work/kejinzhiwang-ios/kejinzhiwang-ios/Sources/App/KejinZhiWangApp.swift /Users/runner/work/kejinzhiwang-ios/kejinzhiwang-ios/Sources/Core/LocalHttpServer.swift /Users/runner/work/kejinzhiwang-ios/kejinzhiwang-ios/Sources/Core/Log.swift /Users/runner/work/kejinzhiwang-ios/kejinzhiwang-ios/Sources/Bon/Lz4.swift /Users/runner/work/kejinzhiwang-ios/kejinzhiwang-ios/Sources/Data/Models.swift /Users/runner/work/kejinzhiwang-ios/kejinzhiwang-ios/Sources/Data/PresetScripts.swift /Users/runner/work/kejinzhiwang-ios/kejinzhiwang-ios/Sources/Core/RendererCache.swift /Users/runner/work/kejinzhiwang-ios/kejinzhiwang-ios/Sources/UI/RootView.swift /Users/runner/work/kejinzhiwang-ios/kejinzhiwang-ios/Sources/Core/ScriptCache.swift /Users/runner/work/kejinzhiwang-ios/kejinzhiwang-ios/Sources/UI/ScriptsView.swift /Users/runner/work/kejinzhiwang-ios/kejinzhiwang-ios/Sources/Core/ServerManager.swift /Users/runner/work/kejinzhiwang-ios/kejinzhiwang-ios/Sources/UI/Theme.swift /Users/runner/work/kejinzhiwang-ios/kejinzhiwang-ios/Sources/UI/Toast.swift /Users/runner/work/kejinzhiwang-ios/kejinzhiwang-ios/Sources/Core/UpdateChecker.swift /Users/runner/work/kejinzhiwang-ios/kejinzhiwang-ios/Sources/Importer/WxLogin.swift /Users/runner/work/kejinzhiwang-ios/kejinzhiwang-ios/Sources/Bon/XyCrypto.swift /Users/runner/work/kejinzhiwang-ios/kejinzhiwang-ios/Sources/Importer/XyEndpoints.swift /Users/runner/Library/Developer/Xcode/DerivedData/KejinZhiWang-amdlcdptztoppfeghpacesdxlyrx/Build/Intermediates.noindex/ArchiveIntermediates/KejinZhiWang/IntermediateBuildFilesPath/KejinZhiWang.build/Release-iphoneos/KejinZhiWang.build/DerivedSources/GeneratedAssetSymbols.swift /Applications/Xcode_26.6.app/Contents/Developer/Toolchains/XcodeDefault.xctoolchain/usr/lib/swift/iphoneos/prebuilt-modules/26.5/DataDetection.swiftmodule/arm64e-apple-ios.swiftmodule /Applications/Xcode_26.6.app/Contents/Developer/Toolchains/XcodeDefault.xctoolchain/usr/lib/swift/iphoneos/prebuilt-modules/26.5/Combine.swiftmodule/arm64e-apple-ios.swiftmodule /Applications/Xcode_26.6.app/Contents/Developer/Toolchains/XcodeDefault.xctoolchain/usr/lib/swift/iphoneos/prebuilt-modules/26.5/simd.swiftmodule/arm64e-apple-ios.swiftmodule /Applications/Xcode_26.6.app/Contents/Developer/Toolchains/XcodeDefault.xctoolchain/usr/lib/swift/iphoneos/prebuilt-modules/26.5/UniformTypeIdentifiers.swiftmodule/arm64e-apple-ios.swiftmodule /Applications/Xcode_26.6.app/Contents/Developer/Toolchains/XcodeDefault.xctoolchain/usr/lib/swift/iphoneos/prebuilt-modules/26.5/Distributed.swiftmodule/arm64e-apple-ios.swiftmodule /Applications/Xcode_26.6.app/Contents/Developer/Toolchains/XcodeDefault.xctoolchain/usr/lib/swift/iphoneos/prebuilt-modules/26.5/_WebKit_SwiftUI.swiftmodule/arm64e-apple-ios.swiftmodule /Applications/Xcode_26.6.app/Contents/Developer/Toolchains/XcodeDefault.xctoolchain/usr/lib/swift/iphoneos/prebuilt-modules/26.5/Swift.swiftmodule/arm64e-apple-ios.swiftmodule /Applications/Xcode_26.6.app/Contents/Developer/Toolchains/XcodeDefault.xctoolchain/usr/lib/swift/iphoneos/prebuilt-modules/26.5/WebKit.swiftmodule/arm64e-apple-ios.swiftmodule /Applications/Xcode_26.6.app/Contents/Developer/Toolchains/XcodeDefault.xctoolchain/usr/lib/swift/iphoneos/prebuilt-modules/26.5/_DarwinFoundation3.swiftmodule/arm64e-apple-ios.swiftmodule /Applications/Xcode_26.6.app/Contents/Developer/Toolchains/XcodeDefault.xctoolchain/usr/lib/swift/iphoneos/prebuilt-modules/26.5/CoreText.swiftmodule/arm64e-apple-ios.swiftmodule /Applications/Xcode_26.6.app/Contents/Developer/Toolchains/XcodeDefault.xctoolchain/usr/lib/swift/iphoneos/prebuilt-modules/26.5/OSLog.swiftmodule/arm64e-apple-ios.swiftmodule /Applications/Xcode_26.6.app/Contents/Developer/Toolchains/XcodeDefault.xctoolchain/usr/lib/swift/iphoneos/prebuilt-modules/26.5/Accessibility.swiftmodule/arm64e-apple-ios.swiftmodule /Applications/Xcode_26.6.app/Contents/Developer/Toolchains/XcodeDefault.xctoolchain/usr/lib/swift/iphoneos/prebuilt-modules/26.5/CoreFoundation.swiftmodule/arm64e-apple-ios.swiftmodule /Applications/Xcode_26.6.app/Contents/Developer/Toolchains/XcodeDefault.xctoolchain/usr/lib/swift/iphoneos/prebuilt-modules/26.5/CryptoKit.swiftmodule/arm64e-apple-ios.swiftmodule /Applications/Xcode_26.6.app/Contents/Developer/Toolchains/XcodeDefault.xctoolchain/usr/lib/swift/iphoneos/prebuilt-modules/26.5/Observation.swiftmodule/arm64e-apple-ios.swiftmodule /Applications/Xcode_26.6.app/Contents/Developer/Toolchains/XcodeDefault.xctoolchain/usr/lib/swift/iphoneos/prebuilt-modules/26.5/Symbols.swiftmodule/arm64e-apple-ios.swiftmodule /Applications/Xcode_26.6.app/Contents/Developer/Toolchains/XcodeDefault.xctoolchain/usr/lib/swift/iphoneos/prebuilt-modules/26.5/Darwin.swiftmodule/arm64e-apple-ios.swiftmodule /Applications/Xcode_26.6.app/Contents/Developer/Toolchains/XcodeDefault.xctoolchain/usr/lib/swift/iphoneos/prebuilt-modules/26.5/Network.swiftmodule/arm64e-apple-ios.swiftmodule /Applications/Xcode_26.6.app/Contents/Developer/Toolchains/XcodeDefault.xctoolchain/usr/lib/swift/iphoneos/prebuilt-modules/26.5/CoreGraphics.swiftmodule/arm64e-apple-ios.swiftmodule /Applications/Xcode_26.6.app/Contents/Developer/Toolchains/XcodeDefault.xctoolchain/usr/lib/swift/iphoneos/prebuilt-modules/26.5/CoreVideo.swiftmodule/arm64e-apple-ios.swiftmodule /Applications/Xcode_26.6.app/Contents/Developer/Toolchains/XcodeDefault.xctoolchain/usr/lib/swift/iphoneos/prebuilt-modules/26.5/_DarwinFoundation2.swiftmodule/arm64e-apple-ios.swiftmodule /Applications/Xcode_26.6.app/Contents/Developer/Toolchains/XcodeDefault.xctoolchain/usr/lib/swift/iphoneos/prebuilt-modules/26.5/SwiftUICore.swiftmodule/arm64e-apple-ios.swiftmodule /Applications/Xcode_26.6.app/Contents/Developer/Toolchains/XcodeDefault.xctoolchain/usr/lib/swift/iphoneos/prebuilt-modules/26.5/DeveloperToolsSupport.swiftmodule/arm64e-apple-ios.swiftmodule /Applications/Xcode_26.6.app/Contents/Developer/Toolchains/XcodeDefault.xctoolchain/usr/lib/swift/iphoneos/prebuilt-modules/26.5/UIKit.swiftmodule/arm64e-apple-ios.swiftmodule /Applications/Xcode_26.6.app/Contents/Developer/Toolchains/XcodeDefault.xctoolchain/usr/lib/swift/iphoneos/prebuilt-modules/26.5/CoreTransferable.swiftmodule/arm64e-apple-ios.swiftmodule /Applications/Xcode_26.6.app/Contents/Developer/Toolchains/XcodeDefault.xctoolchain/usr/lib/swift/iphoneos/prebuilt-modules/26.5/_StringProcessing.swiftmodule/arm64e-apple-ios.swiftmodule /Applications/Xcode_26.6.app/Contents/Developer/Toolchains/XcodeDefault.xctoolchain/usr/lib/swift/iphoneos/prebuilt-modules/26.5/QuartzCore.swiftmodule/arm64e-apple-ios.swiftmodule /Applications/Xcode_26.6.app/Contents/Developer/Toolchains/XcodeDefault.xctoolchain/usr/lib/swift/iphoneos/prebuilt-modules/26.5/Dispatch.swiftmodule/arm64e-apple-ios.swiftmodule /Applications/Xcode_26.6.app/Contents/Developer/Toolchains/XcodeDefault.xctoolchain/usr/lib/swift/iphoneos/prebuilt-modules/26.5/System.swiftmodule/arm64e-apple-ios.swiftmodule /Applications/Xcode_26.6.app/Contents/Developer/Toolchains/XcodeDefault.xctoolchain/usr/lib/swift/iphoneos/prebuilt-modules/26.5/Spatial.swiftmodule/arm64e-apple-ios.swiftmodule /Applications/Xcode_26.6.app/Contents/Developer/Toolchains/XcodeDefault.xctoolchain/usr/lib/swift/iphoneos/prebuilt-modules/26.5/XPC.swiftmodule/arm64e-apple-ios.swiftmodule /Applications/Xcode_26.6.app/Contents/Developer/Toolchains/XcodeDefault.xctoolchain/usr/lib/swift/iphoneos/prebuilt-modules/26.5/_Builtin_float.swiftmodule/arm64e-apple-ios.swiftmodule /Applications/Xcode_26.6.app/Contents/Developer/Toolchains/XcodeDefault.xctoolchain/usr/lib/swift/iphoneos/prebuilt-modules/26.5/Foundation.swiftmodule/arm64e-apple-ios.swiftmodule /Applications/Xcode_26.6.app/Contents/Developer/Toolchains/XcodeDefault.xctoolchain/usr/lib/swift/iphoneos/prebuilt-modules/26.5/FileProvider.swiftmodule/arm64e-apple-ios.swiftmodule /Applications/Xcode_26.6.app/Contents/Developer/Toolchains/XcodeDefault.xctoolchain/usr/lib/swift/iphoneos/prebuilt-modules/26.5/_Concurrency.swiftmodule/arm64e-apple-ios.swiftmodule /Applications/Xcode_26.6.app/Contents/Developer/Toolchains/XcodeDefault.xctoolchain/usr/lib/swift/iphoneos/prebuilt-modules/26.5/SwiftUI.swiftmodule/arm64e-apple-ios.swiftmodule /Applications/Xcode_26.6.app/Contents/Developer/Toolchains/XcodeDefault.xctoolchain/usr/lib/swift/iphoneos/prebuilt-modules/26.5/CoreData.swiftmodule/arm64e-apple-ios.swiftmodule /Applications/Xcode_26.6.app/Contents/Developer/Toolchains/XcodeDefault.xctoolchain/usr/lib/swift/iphoneos/prebuilt-modules/26.5/LocalAuthentication.swiftmodule/arm64e-apple-ios.swiftmodule /Applications/Xcode_26.6.app/Contents/Developer/Toolchains/XcodeDefault.xctoolchain/usr/lib/swift/iphoneos/prebuilt-modules/26.5/Metal.swiftmodule/arm64e-apple-ios.swiftmodule /Applications/Xcode_26.6.app/Contents/Developer/Toolchains/XcodeDefault.xctoolchain/usr/lib/swift/iphoneos/prebuilt-modules/26.5/CoreImage.swiftmodule/arm64e-apple-ios.swiftmodule /Applications/Xcode_26.6.app/Contents/Developer/Toolchains/XcodeDefault.xctoolchain/usr/lib/swift/iphoneos/prebuilt-modules/26.5/_DarwinFoundation1.swiftmodule/arm64e-apple-ios.swiftmodule /Applications/Xcode_26.6.app/Contents/Developer/Toolchains/XcodeDefault.xctoolchain/usr/lib/swift/iphoneos/prebuilt-modules/26.5/os.swiftmodule/arm64e-apple-ios.swiftmodule /Applications/Xcode_26.6.app/Contents/Developer/Toolchains/XcodeDefault.xctoolchain/usr/lib/swift/iphoneos/prebuilt-modules/26.5/ObjectiveC.swiftmodule/arm64e-apple-ios.swiftmodule /Users/runner/Library/Developer/Xcode/DerivedData/ModuleCache.noindex/Foundation-1X62Q4Y5CFD79X7DK8WGN1XR7.pcm /Users/runner/Library/Developer/Xcode/DerivedData/ModuleCache.noindex/_Builtin_stdbool-F2JDNPQEX6SQ9OSYLY30YZQUK.pcm /Users/runner/Library/Developer/Xcode/DerivedData/ModuleCache.noindex/MachO-B6RJ1U22Q2HMP7YR9Z0P7VQ0Z.pcm /Users/runner/Library/Developer/Xcode/DerivedData/ModuleCache.noindex/OSLog-DKEX056QW3YCNCO6DBH0EAM0E.pcm /Users/runner/Library/Developer/Xcode/DerivedData/ModuleCache.noindex/Symbols-3Z96XHQKJOEPY4CGQ63YIUGXQ.pcm /Users/runner/Library/Developer/Xcode/DerivedData/ModuleCache.noindex/_Builtin_limits-5XLAGNJNMUIA35MLR9224J96G.pcm /Users/runner/Library/Developer/Xcode/DerivedData/ModuleCache.noindex/simd-CLUOIJ1OU38JUV8Q94GRO1JFW.pcm /Users/runner/Library/Developer/Xcode/DerivedData/ModuleCache.noindex/UniformTypeIdentifiers-5SQL832U5YS5P4OFS71ZU71ZH.pcm /Users/runner/Library/Developer/Xcode/DerivedData/ModuleCache.noindex/WebKit-BHUTFRGY1UJ4DIE8PORWCVFMS.pcm /Users/runner/Library/Developer/Xcode/DerivedData/ModuleCache.noindex/CoreData-3FH3JHVLSCG105NRLU6T3RF4G.pcm /Users/runner/Library/Developer/Xcode/DerivedData/ModuleCache.noindex/OpenGLES-457SP2TZA6UHDMTKTCX1NW350.pcm /Users/runner/Library/Developer/Xcode/DerivedData/ModuleCache.noindex/XPC-4PB7SR0PM1G3Z1V4ERK8LTRR6.pcm /Users/runner/Library/Developer/Xcode/DerivedData/ModuleCache.noindex/os-1REBWOFRQ4PBO7QOUF0V31OPU.pcm /Users/runner/Library/Developer/Xcode/DerivedData/ModuleCache.noindex/DeveloperToolsSupport-EMHRDK0O1ZXXZII2U7HYGBAAB.pcm /Users/runner/Library/Developer/Xcode/DerivedData/ModuleCache.noindex/_Builtin_float-2YO6PSBAHJ04WO49MXMPSPE2E.pcm /Users/runner/Library/Developer/Xcode/DerivedData/ModuleCache.noindex/ptrauth-DABL4NITE6FI9XGP0U5ICP5U7.pcm /Users/runner/Library/Developer/Xcode/DerivedData/ModuleCache.noindex/Metal-DNRDTVJ2K7CPTS3LY6NISTWHE.pcm /Users/runner/Library/Developer/Xcode/DerivedData/ModuleCache.noindex/_DarwinFoundation2-CHABC5SS8N2OTC0RLF1PF00IL.pcm /Users/runner/Library/Developer/Xcode/DerivedData/ModuleCache.noindex/ObjectiveC-UL57PEN9KLSC4RHLEIGY3HA.pcm /Users/runner/Library/Developer/Xcode/DerivedData/ModuleCache.noindex/SwiftUICore-9DIEMH4Z9T64AGJB2R6KD3EOR.pcm /Users/runner/Library/Developer/Xcode/DerivedData/ModuleCache.noindex/CoreTransferable-AAQIWS8UG8MGA4ZNEWBZ2W2IY.pcm /Users/runner/Library/Developer/Xcode/DerivedData/ModuleCache.noindex/os_workgroup-32Z9ZWHZO4UN3G5VTRHGO9J2G.pcm /Users/runner/Library/Developer/Xcode/DerivedData/ModuleCache.noindex/CFNetwork-4AKTMCE1W2AF00ZV9XZ8XN8BU.pcm /Users/runner/Library/Developer/Xcode/DerivedData/ModuleCache.noindex/_Builtin_inttypes-AMA2B4Y7QBKPABLXFSRFWCL9N.pcm /Users/runner/Library/Developer/Xcode/DerivedData/ModuleCache.noindex/_Builtin_tgmath-54R3DMFU6DS0GI3Z1X2FGPB20.pcm /Users/runner/Library/Developer/Xcode/DerivedData/ModuleCache.noindex/_Builtin_intrinsics-99O65VBQ24FR6L5LL9JW9AR1W.pcm /Users/runner/Library/Developer/Xcode/DerivedData/ModuleCache.noindex/QuartzCore-566Q57FTIWBTHFMCCY09MABDC.pcm /Users/runner/Library/Developer/Xcode/DerivedData/ModuleCache.noindex/ImageIO-DO2T5X90PE8HDHJGTWQBWNA65.pcm /Users/runner/Library/Developer/Xcode/DerivedData/ModuleCache.noindex/CoreVideo-BZMXU0P2Z8IQSJANCXSICOTKV.pcm /Users/runner/Library/Developer/Xcode/DerivedData/ModuleCache.noindex/_DarwinFoundation3-DT13DYQO20ZPMHDX5CDK95E4D.pcm /Users/runner/Library/Developer/Xcode/DerivedData/ModuleCache.noindex/_Builtin_stdint-1IVO0O4NH45TV1AYF52FCLU39.pcm /Users/runner/Library/Developer/Xcode/DerivedData/ModuleCache.noindex/CoreImage-27LC9VRXJDFZFMFSKO9E5CY0O.pcm /Users/runner/Library/Developer/Xcode/DerivedData/ModuleCache.noindex/CoreGraphics-1G5052L8UUCYJ9W6QLENAXY9U.pcm /Users/runner/Library/Developer/Xcode/DerivedData/ModuleCache.noindex/FileProvider-2IGH0JAASCWFWTHH3HQB16NAT.pcm /Users/runner/Library/Developer/Xcode/DerivedData/ModuleCache.noindex/IOSurface-5JX3VCZ80M38F2Z6PCGNGZCAT.pcm /Users/runner/Library/Developer/Xcode/DerivedData/ModuleCache.noindex/UIKit-EXU98BO9TKBKUJMALVDROIG6.pcm /Users/runner/Library/Developer/Xcode/DerivedData/ModuleCache.noindex/SwiftUI-6B305YEGM6ZJ1GCRJMNGN14J6.pcm /Users/runner/Library/Developer/Xcode/DerivedData/ModuleCache.noindex/SwiftShims-72SLMYIIT0DF0R4G8CULVMIGB.pcm /Users/runner/Library/Developer/Xcode/DerivedData/ModuleCache.noindex/sys_types-6VUOHF7N0NSAAA8P9FPHKE8W6.pcm /Users/runner/Library/Developer/Xcode/DerivedData/ModuleCache.noindex/UIUtilities-68BP72D2ARRWVKR5ND13PTZHD.pcm /Users/runner/Library/Developer/Xcode/DerivedData/ModuleCache.noindex/Spatial-66ZFZVSPF6NR4DI3VRZP5OD1H.pcm /Users/runner/Library/Developer/Xcode/DerivedData/ModuleCache.noindex/DataDetection-D4KJ1S9E4WLZ9667PTN5AXI9K.pcm /Users/runner/Library/Developer/Xcode/DerivedData/ModuleCache.noindex/Accessibility-ZCOQIL8YWBFQ0TLBXFB2N57I.pcm /Users/runner/Library/Developer/Xcode/DerivedData/ModuleCache.noindex/_DarwinFoundation1-AVQP07R3FLQDOZLLLTSBQE6KZ.pcm /Users/runner/Library/Developer/Xcode/DerivedData/ModuleCache.noindex/Darwin-D9UWKS8G5A983R1DJ4W24YSKP.pcm /Users/runner/Library/Developer/Xcode/DerivedData/ModuleCache.noindex/CoreFoundation-AJVBJNWJLXSNXAG6CFR83HFOF.pcm /Users/runner/Library/Developer/Xcode/DerivedData/ModuleCache.noindex/_Builtin_stdarg-AWNHK52NN9LOBSP9B3ES6N4JP.pcm /Users/runner/Library/Developer/Xcode/DerivedData/ModuleCache.noindex/_AvailabilityInternal-D134KYCM5B7H7LEX0UZ8E87OC.pcm /Users/runner/Library/Developer/Xcode/DerivedData/ModuleCache.noindex/CoreText-7G27BMK29AJO8FLDTQX72AKIO.pcm /Users/runner/Library/Developer/Xcode/DerivedData/ModuleCache.noindex/dnssd-AB1MJ0IHS4AY4FMB9VINDZFNL.pcm /Users/runner/Library/Developer/Xcode/DerivedData/ModuleCache.noindex/os_object-E4IBKKHD0T0YBYBJLG4YXIM1L.pcm /Users/runner/Library/Developer/Xcode/DerivedData/ModuleCache.noindex/LocalAuthentication-B61A4A0O9V13A05J92TMXA2JF.pcm /Users/runner/Library/Developer/Xcode/DerivedData/ModuleCache.noindex/_Builtin_stddef-DM9FIK1TI14UIQLTPTSDRJRH8.pcm /Users/runner/Library/Developer/Xcode/DerivedData/ModuleCache.noindex/Network-CV64AECI38K2LZC189XU1XATE.pcm /Users/runner/Library/Developer/Xcode/DerivedData/ModuleCache.noindex/zlib-2VZ41HE3UV9I94QLISZK2WL6O.pcm /Users/runner/Library/Developer/Xcode/DerivedData/ModuleCache.noindex/Dispatch-9CU9L6AJGABEPEK1MML5WOJEH.pcm /Users/runner/Library/Developer/Xcode/DerivedData/ModuleCache.noindex/_SwiftConcurrencyShims-11WQO0U6NUPEG5KX0XIBPK7HV.pcm /Users/runner/Library/Developer/Xcode/DerivedData/ModuleCache.noindex/ptrcheck-F4E3AJ5OSHOZ9IBB2GP04PWWI.pcm /Users/runner/Library/Developer/Xcode/DerivedData/ModuleCache.noindex/UserNotifications-9XZE59KS9YG29GOP295XNSED9.pcm /Users/runner/Library/Developer/Xcode/DerivedData/ModuleCache.noindex/Security-CIWSTZAS0BOTYSHUXXOWYSEX5.pcm /Users/runner/Library/Developer/Xcode/DerivedData/ModuleCache.noindex/_Builtin_stdatomic-9060L4NKPD5ER5I6FJ57E8WVA.pcm /Users/runner/Library/Developer/Xcode/DerivedData/KejinZhiWang-amdlcdptztoppfeghpacesdxlyrx/Build/Intermediates.noindex/ArchiveIntermediates/KejinZhiWang/IntermediateBuildFilesPath/KejinZhiWang.build/Release-iphoneos/KejinZhiWang.build/Objects-normal/arm64/KejinZhiWang-dependencies-1.json (in target 'KejinZhiWang' from project 'KejinZhiWang')
2026-09-04T06:59:14.9480810Z /Users/runner/work/kejinzhiwang-ios/kejinzhiwang-ios/Sources/UI/GamesView.swift:239:23: error: missing argument label 'text:' in call
2026-09-04T06:59:14.9482240Z 	Archiving project KejinZhiWang with scheme KejinZhiWang
2026-09-04T06:59:14.9487390Z             EmptyHint("暂无游戏窗口，去账号页点击账号卡片打开游戏")
2026-09-04T06:59:14.9488200Z (3 failures)
2026-09-04T06:59:14.9490040Z /Users/runner/work/kejinzhiwang-ios/kejinzhiwang-ios/Sources/Importer/ImportViewModel.swift:64:31: warning: reference to captured var 'self' in concurrently-executing code; this is an error in the Swift 6 language mode
2026-09-04T06:59:14.9492880Z                     guard let self else { return }
2026-09-04T06:59:14.9500340Z                               ^
2026-09-04T06:59:14.9501270Z /Users/runner/work/kejinzhiwang-ios/kejinzhiwang-ios/Sources/Importer/ImportViewModel.swift:73:21: warning: reference to captured var 'self' in concurrently-executing code; this is an error in the Swift 6 language mode
2026-09-04T06:59:14.9502250Z                     self?.busy = false
2026-09-04T06:59:14.9502580Z                     ^
2026-09-04T06:59:14.9503960Z /Users/runner/work/kejinzhiwang-ios/kejinzhiwang-ios/Sources/Importer/ImportViewModel.swift:74:21: warning: reference to captured var 'self' in concurrently-executing code; this is an error in the Swift 6 language mode
2026-09-04T06:59:14.9508190Z                     self?.message = error.localizedDescription
2026-09-04T06:59:14.9517730Z                     ^
2026-09-04T06:59:14.9528010Z /Users/runner/work/kejinzhiwang-ios/kejinzhiwang-ios/Sources/Importer/ImportViewModel.swift:89:43: warning: reference to captured var 'self' in concurrently-executing code; this is an error in the Swift 6 language mode
2026-09-04T06:59:14.9533410Z                     await MainActor.run { self?.handlePoll(result) }
2026-09-04T06:59:14.9534140Z                                           ^
2026-09-04T06:59:14.9536190Z /Users/runner/work/kejinzhiwang-ios/kejinzhiwang-ios/Sources/Importer/ImportViewModel.swift:93:25: warning: reference to captured var 'self' in concurrently-executing code; this is an error in the Swift 6 language mode
2026-09-04T06:59:14.9540610Z                         self?.qrHint = "轮询出错: \(error.localizedDescription)"
2026-09-04T06:59:14.9542750Z /Users/runner/work/kejinzhiwang-ios/kejinzhiwang-ios/Sources/Importer/ImportViewModel.swift:136:21: warning: reference to captured var 'self' in concurrently-executing code; this is an error in the Swift 6 language mode
2026-09-04T06:59:14.9545270Z                     self?.message = "验证码已发送，请注意接收"
2026-09-04T06:59:14.9547290Z /Users/runner/work/kejinzhiwang-ios/kejinzhiwang-ios/Sources/Importer/ImportViewModel.swift:137:21: warning: reference to captured var 'self' in concurrently-executing code; this is an error in the Swift 6 language mode
2026-09-04T06:59:14.9549280Z                     self?.busy = false
2026-09-04T06:59:14.9549820Z                     ^
2026-09-04T06:59:14.9551850Z /Users/runner/work/kejinzhiwang-ios/kejinzhiwang-ios/Sources/Importer/ImportViewModel.swift:138:21: warning: reference to captured var 'self' in concurrently-executing code; this is an error in the Swift 6 language mode
2026-09-04T06:59:14.9554130Z                     self?.startCountdown()
2026-09-04T06:59:14.9554700Z                     ^
2026-09-04T06:59:14.9556560Z /Users/runner/work/kejinzhiwang-ios/kejinzhiwang-ios/Sources/Importer/ImportViewModel.swift:142:21: warning: reference to captured var 'self' in concurrently-executing code; this is an error in the Swift 6 language mode
2026-09-04T06:59:14.9558630Z                     self?.message = error.localizedDescription
2026-09-04T06:59:14.9560370Z                     ^
2026-09-04T06:59:14.9562170Z /Users/runner/work/kejinzhiwang-ios/kejinzhiwang-ios/Sources/Importer/ImportViewModel.swift:143:21: warning: reference to captured var 'self' in concurrently-executing code; this is an error in the Swift 6 language mode
2026-09-04T06:59:14.9564160Z                     self?.busy = false
2026-09-04T06:59:14.9564700Z                     ^
2026-09-04T06:59:14.9566600Z /Users/runner/work/kejinzhiwang-ios/kejinzhiwang-ios/Sources/Importer/ImportViewModel.swift:183:21: warning: reference to captured var 'self' in concurrently-executing code; this is an error in the Swift 6 language mode
2026-09-04T06:59:14.9568710Z                     self?.stage = .querying
2026-09-04T06:59:14.9569240Z                     ^
2026-09-04T06:59:14.9571170Z /Users/runner/work/kejinzhiwang-ios/kejinzhiwang-ios/Sources/Importer/ImportViewModel.swift:184:21: warning: reference to captured var 'self' in concurrently-executing code; this is an error in the Swift 6 language mode
2026-09-04T06:59:14.9573870Z                     self?.message = "登录成功，正在查询区服"
2026-09-04T06:59:14.9576070Z /Users/runner/work/kejinzhiwang-ios/kejinzhiwang-ios/Sources/Importer/ImportViewModel.swift:191:31: warning: reference to captured var 'self' in concurrently-executing code; this is an error in the Swift 6 language mode
2026-09-04T06:59:14.9578450Z                     guard let self else { return }
2026-09-04T06:59:14.9579570Z                               ^
2026-09-04T06:59:14.9582350Z /Users/runner/work/kejinzhiwang-ios/kejinzhiwang-ios/Sources/Importer/ImportViewModel.swift:201:21: warning: reference to captured var 'self' in concurrently-executing code; this is an error in the Swift 6 language mode
2026-09-04T06:59:14.9602100Z                     self?.stage = .idle
2026-09-04T06:59:14.9603090Z                     ^
2026-09-04T06:59:14.9605180Z /Users/runner/work/kejinzhiwang-ios/kejinzhiwang-ios/Sources/Importer/ImportViewModel.swift:202:21: warning: reference to captured var 'self' in concurrently-executing code; this is an error in the Swift 6 language mode
2026-09-04T06:59:14.9607370Z                     self?.message = error.localizedDescription
2026-09-04T06:59:14.9608000Z                     ^
2026-09-04T06:59:14.9609810Z /Users/runner/work/kejinzhiwang-ios/kejinzhiwang-ios/Sources/Importer/ImportViewModel.swift:203:21: warning: reference to captured var 'self' in concurrently-executing code; this is an error in the Swift 6 language mode
2026-09-04T06:59:14.9611850Z                     self?.busy = false
2026-09-04T06:59:14.9612460Z                     ^
2026-09-04T06:59:14.9615300Z /Users/runner/work/kejinzhiwang-ios/kejinzhiwang-ios/Sources/Importer/ImportViewModel.swift:219:31: warning: reference to captured var 'self' in concurrently-executing code; this is an error in the Swift 6 language mode
2026-09-04T06:59:14.9617510Z                     guard let self else { return }
2026-09-04T06:59:14.9618170Z                               ^
2026-09-04T06:59:14.9621130Z /Users/runner/work/kejinzhiwang-ios/kejinzhiwang-ios/Sources/Importer/ImportViewModel.swift:229:31: warning: reference to captured var 'self' in concurrently-executing code; this is an error in the Swift 6 language mode
2026-09-04T06:59:14.9623390Z                     guard let self else { return }
2026-09-04T06:59:14.9629420Z                               ^
2026-09-04T06:59:14.9635030Z /Users/runner/work/kejinzhiwang-ios/kejinzhiwang-ios/Sources/Importer/WxLogin.swift:350:16: error: value of optional type 'String?' not unwrapped; did you mean to use 'try!' or chain with '?'?
2026-09-04T06:59:14.9636200Z         return try? o.toJsonString() ?? ""
2026-09-04T06:59:14.9636510Z                ^~~~
2026-09-04T06:59:14.9636700Z                try!
2026-09-04T06:59:14.9637430Z /Users/runner/work/kejinzhiwang-ios/kejinzhiwang-ios/Sources/Importer/WxLogin.swift:360:16: error: value of optional type 'String?' not unwrapped; did you mean to use 'try!' or chain with '?'?
2026-09-04T06:59:14.9638190Z         return try? o.toJsonString() ?? ""
2026-09-04T06:59:14.9638940Z                ^~~~
2026-09-04T06:59:14.9639100Z                try!
2026-09-04T06:59:14.9639240Z 
2026-09-04T06:59:14.9639330Z Failed frontend command:
2026-09-04T06:59:14.9736890Z /Applications/Xcode_26.6.app/Contents/Developer/Toolchains/XcodeDefault.xctoolchain/usr/bin/swift-frontend -frontend -c /Users/runner/work/kejinzhiwang-ios/kejinzhiwang-ios/Sources/UI/AccountsView.swift /Users/runner/work/kejinzhiwang-ios/kejinzhiwang-ios/Sources/Data/AppStore.swift /Users/runner/work/kejinzhiwang-ios/kejinzhiwang-ios/Sources/Importer/BinBuilder.swift /Users/runner/work/kejinzhiwang-ios/kejinzhiwang-ios/Sources/Bon/Bon.swift /Users/runner/work/kejinzhiwang-ios/kejinzhiwang-ios/Sources/Bon/BonCodec.swift /Users/runner/work/kejinzhiwang-ios/kejinzhiwang-ios/Sources/Importer/CodeBookCrypto.swift /Users/runner/work/kejinzhiwang-ios/kejinzhiwang-ios/Sources/Bon/DataIo.swift /Users/runner/work/kejinzhiwang-ios/kejinzhiwang-ios/Sources/UI/Dialogs.swift /Users/runner/work/kejinzhiwang-ios/kejinzhiwang-ios/Sources/UI/FileSupport.swift /Users/runner/work/kejinzhiwang-ios/kejinzhiwang-ios/Sources/Core/GameWebView.swift /Users/runner/work/kejinzhiwang-ios/kejinzhiwang-ios/Sources/UI/GamesView.swift /Users/runner/work/kejinzhiwang-ios/kejinzhiwang-ios/Sources/Importer/Http.swift /Users/runner/work/kejinzhiwang-ios/kejinzhiwang-ios/Sources/UI/ImportView.swift /Users/runner/work/kejinzhiwang-ios/kejinzhiwang-ios/Sources/Importer/ImportViewModel.swift /Users/runner/work/kejinzhiwang-ios/kejinzhiwang-ios/Sources/Core/InjectScripts.swift /Users/runner/work/kejinzhiwang-ios/kejinzhiwang-ios/Sources/Importer/Json.swift /Users/runner/work/kejinzhiwang-ios/kejinzhiwang-ios/Sources/App/KejinZhiWangApp.swift /Users/runner/work/kejinzhiwang-ios/kejinzhiwang-ios/Sources/Core/LocalHttpServer.swift /Users/runner/work/kejinzhiwang-ios/kejinzhiwang-ios/Sources/Core/Log.swift /Users/runner/work/kejinzhiwang-ios/kejinzhiwang-ios/Sources/Bon/Lz4.swift /Users/runner/work/kejinzhiwang-ios/kejinzhiwang-ios/Sources/Data/Models.swift /Users/runner/work/kejinzhiwang-ios/kejinzhiwang-ios/Sources/Data/PresetScripts.swift /Users/runner/work/kejinzhiwang-ios/kejinzhiwang-ios/Sources/Core/RendererCache.swift /Users/runner/work/kejinzhiwang-ios/kejinzhiwang-ios/Sources/UI/RootView.swift /Users/runner/work/kejinzhiwang-ios/kejinzhiwang-ios/Sources/Core/ScriptCache.swift /Users/runner/work/kejinzhiwang-ios/kejinzhiwang-ios/Sources/UI/ScriptsView.swift /Users/runner/work/kejinzhiwang-ios/kejinzhiwang-ios/Sources/Core/ServerManager.swift /Users/runner/work/kejinzhiwang-ios/kejinzhiwang-ios/Sources/UI/Theme.swift /Users/runner/work/kejinzhiwang-ios/kejinzhiwang-ios/Sources/UI/Toast.swift /Users/runner/work/kejinzhiwang-ios/kejinzhiwang-ios/Sources/Core/UpdateChecker.swift /Users/runner/work/kejinzhiwang-ios/kejinzhiwang-ios/Sources/Importer/WxLogin.swift /Users/runner/work/kejinzhiwang-ios/kejinzhiwang-ios/Sources/Bon/XyCrypto.swift /Users/runner/work/kejinzhiwang-ios/kejinzhiwang-ios/Sources/Importer/XyEndpoints.swift /Users/runner/Library/Developer/Xcode/DerivedData/KejinZhiWang-amdlcdptztoppfeghpacesdxlyrx/Build/Intermediates.noindex/ArchiveIntermediates/KejinZhiWang/IntermediateBuildFilesPath/KejinZhiWang.build/Release-iphoneos/KejinZhiWang.build/DerivedSources/GeneratedAssetSymbols.swift -supplementary-output-file-map /Users/runner/Library/Developer/Xcode/DerivedData/KejinZhiWang-amdlcdptztoppfeghpacesdxlyrx/Build/Intermediates.noindex/ArchiveIntermediates/KejinZhiWang/IntermediateBuildFilesPath/KejinZhiWang.build/Release-iphoneos/KejinZhiWang.build/Objects-normal/arm64/supplementaryOutputs-1 -emit-localized-strings -emit-localized-strings-path /Users/runner/Library/Developer/Xcode/DerivedData/KejinZhiWang-amdlcdptztoppfeghpacesdxlyrx/Build/Intermediates.noindex/ArchiveIntermediates/KejinZhiWang/IntermediateBuildFilesPath/KejinZhiWang.build/Release-iphoneos/KejinZhiWang.build/Objects-normal/arm64 -target arm64-apple-ios16.0 -module-can-import-version DeveloperToolsSupport 23.40.26 23.40.26 -module-can-import-version SwiftUI 7.5.3 7.5.3 -module-can-import-version UIKit 9126.5.5.2 9126.5.5 -disable-cross-import-overlay-search -swift-module-cross-import WebKit /Applications/Xcode_26.6.app/Contents/Developer/Platforms/iPhoneOS.platform/Developer/SDKs/iPhoneOS.sdk/System/Cryptexes/OS/System/Library/Frameworks/WebKit.framework/Modules/WebKit.swiftcrossimport/SwiftUI.swiftoverlay -swift-module-cross-import WebKit /Applications/Xcode_26.6.app/Contents/Developer/Platforms/iPhoneOS.platform/Developer/SDKs/iPhoneOS26.5.sdk/System/Library/Frameworks/WebKit.framework/Modules/WebKit.swiftcrossimport/SwiftUI.swiftoverlay -load-resolved-plugin /Applications/Xcode_26.6.app/Contents/Developer/Platforms/iPhoneOS.platform/Developer/usr/lib/swift/host/plugins/libFoundationMacros.dylib\#/Applications/Xcode_26.6.app/Contents/Developer/Platforms/iPhoneOS.platform/Developer/usr/bin/swift-plugin-server\#FoundationMacros -load-resolved-plugin /Applications/Xcode_26.6.app/Contents/Developer/Platforms/iPhoneOS.platform/Developer/usr/lib/swift/host/plugins/libObservationMacros.dylib\#/Applications/Xcode_26.6.app/Contents/Developer/Platforms/iPhoneOS.platform/Developer/usr/bin/swift-plugin-server\#ObservationMacros -load-resolved-plugin /Applications/Xcode_26.6.app/Contents/Developer/Platforms/iPhoneOS.platform/Developer/usr/lib/swift/host/plugins/libPreviewsMacros.dylib\#/Applications/Xcode_26.6.app/Contents/Developer/Platforms/iPhoneOS.platform/Developer/usr/bin/swift-plugin-server\#PreviewsMacros -load-resolved-plugin /Applications/Xcode_26.6.app/Contents/Developer/Platforms/iPhoneOS.platform/Developer/usr/lib/swift/host/plugins/libSwiftMacros.dylib\#/Applications/Xcode_26.6.app/Contents/Developer/Platforms/iPhoneOS.platform/Developer/usr/bin/swift-plugin-server\#SwiftMacros -load-resolved-plugin /Applications/Xcode_26.6.app/Contents/Developer/Platforms/iPhoneOS.platform/Developer/usr/lib/swift/host/plugins/libSwiftUIMacros.dylib\#/Applications/Xcode_26.6.app/Contents/Developer/Platforms/iPhoneOS.platform/Developer/usr/bin/swift-plugin-server\#SwiftUIMacros -disable-implicit-swift-modules -Xcc -fno-implicit-modules -Xcc -fno-implicit-module-maps -explicit-swift-module-map-file /Users/runner/Library/Developer/Xcode/DerivedData/KejinZhiWang-amdlcdptztoppfeghpacesdxlyrx/Build/Intermediates.noindex/ArchiveIntermediates/KejinZhiWang/IntermediateBuildFilesPath/KejinZhiWang.build/Release-iphoneos/KejinZhiWang.build/Objects-normal/arm64/KejinZhiWang-dependencies-1.json -debug-module-path /Users/runner/Library/Developer/Xcode/DerivedData/KejinZhiWang-amdlcdptztoppfeghpacesdxlyrx/Build/Intermediates.noindex/ArchiveIntermediates/KejinZhiWang/IntermediateBuildFilesPath/KejinZhiWang.build/Release-iphoneos/KejinZhiWang.build/Objects-normal/arm64/KejinZhiWang.swiftmodule -Xllvm -aarch64-use-tbi -enable-objc-interop -stack-check -sdk /Applications/Xcode_26.6.app/Contents/Developer/Platforms/iPhoneOS.platform/Developer/SDKs/iPhoneOS26.5.sdk -I /Users/runner/Library/Developer/Xcode/DerivedData/KejinZhiWang-amdlcdptztoppfeghpacesdxlyrx/Build/Intermediates.noindex/ArchiveIntermediates/KejinZhiWang/BuildProductsPath/Release-iphoneos -F /Users/runner/Library/Developer/Xcode/DerivedData/KejinZhiWang-amdlcdptztoppfeghpacesdxlyrx/Build/Intermediates.noindex/ArchiveIntermediates/KejinZhiWang/BuildProductsPath/Release-iphoneos -no-color-diagnostics -Xcc -fno-color-diagnostics -g -debug-info-format\=dwarf -dwarf-version\=4 -module-cache-path /Users/runner/Library/Developer/Xcode/DerivedData/KejinZhiWang-amdlcdptztoppfeghpacesdxlyrx/Build/Intermediates.noindex/ArchiveIntermediates/KejinZhiWang/IntermediateBuildFilesPath/SwiftExplicitPrecompiledModules -swift-version 5 -O -serialize-debugging-options -const-gather-protocols-file /Users/runner/Library/Developer/Xcode/DerivedData/KejinZhiWang-amdlcdptztoppfeghpacesdxlyrx/Build/Intermediates.noindex/ArchiveIntermediates/KejinZhiWang/IntermediateBuildFilesPath/KejinZhiWang.build/Release-iphoneos/KejinZhiWang.build/Objects-normal/arm64/KejinZhiWang_const_extract_protocols.json -enable-experimental-feature DebugDescriptionMacro -enable-bare-slash-regex -empty-abi-descriptor -validate-clang-modules-once -clang-build-session-file /Users/runner/Library/Developer/Xcode/DerivedData/ModuleCache.noindex/Session.modulevalidation -Xcc -working-directory -Xcc /Users/runner/work/kejinzhiwang-ios/kejinzhiwang-ios -file-compilation-dir /Users/runner/work/kejinzhiwang-ios/kejinzhiwang-ios -Xcc -ivfsstatcache -Xcc /Users/runner/Library/Developer/Xcode/DerivedData/SDKStatCaches.noindex/iphoneos26.5-23F81a-688ef53f1462e2c8f657fdc38a81448fee66e23052a0157c865c76b268046726.sdkstatcache -Xcc -I/Users/runner/Library/Developer/Xcode/DerivedData/KejinZhiWang-amdlcdptztoppfeghpacesdxlyrx/Build/Intermediates.noindex/ArchiveIntermediates/KejinZhiWang/IntermediateBuildFilesPath/KejinZhiWang.build/Release-iphoneos/KejinZhiWang.build/swift-overrides.hmap -Xcc -iquote -Xcc /Users/runner/Library/Developer/Xcode/DerivedData/KejinZhiWang-amdlcdptztoppfeghpacesdxlyrx/Build/Intermediates.noindex/ArchiveIntermediates/KejinZhiWang/IntermediateBuildFilesPath/KejinZhiWang.build/Release-iphoneos/KejinZhiWang.build/KejinZhiWang-generated-files.hmap -Xcc -I/Users/runner/Library/Developer/Xcode/DerivedData/KejinZhiWang-amdlcdptztoppfeghpacesdxlyrx/Build/Intermediates.noindex/ArchiveIntermediates/KejinZhiWang/IntermediateBuildFilesPath/KejinZhiWang.build/Release-iphoneos/KejinZhiWang.build/KejinZhiWang-own-target-headers.hmap -Xcc -I/Users/runner/Library/Developer/Xcode/DerivedData/KejinZhiWang-amdlcdptztoppfeghpacesdxlyrx/Build/Intermediates.noindex/ArchiveIntermediates/KejinZhiWang/IntermediateBuildFilesPath/KejinZhiWang.build/Release-iphoneos/KejinZhiWang.build/KejinZhiWang-all-target-headers.hmap -Xcc -iquote -Xcc /Users/runner/Library/Developer/Xcode/DerivedData/KejinZhiWang-amdlcdptztoppfeghpacesdxlyrx/Build/Intermediates.noindex/ArchiveIntermediates/KejinZhiWang/IntermediateBuildFilesPath/KejinZhiWang.build/Release-iphoneos/KejinZhiWang.build/KejinZhiWang-project-headers.hmap -Xcc -I/Users/runner/Library/Developer/Xcode/DerivedData/KejinZhiWang-amdlcdptztoppfeghpacesdxlyrx/Build/Intermediates.noindex/ArchiveIntermediates/KejinZhiWang/BuildProductsPath/Release-iphoneos/include -Xcc -I/Users/runner/Library/Developer/Xcode/DerivedData/KejinZhiWang-amdlcdptztoppfeghpacesdxlyrx/Build/Intermediates.noindex/ArchiveIntermediates/KejinZhiWang/IntermediateBuildFilesPath/KejinZhiWang.build/Release-iphoneos/KejinZhiWang.build/DerivedSources-normal/arm64 -Xcc -I/Users/runner/Library/Developer/Xcode/DerivedData/KejinZhiWang-amdlcdptztoppfeghpacesdxlyrx/Build/Intermediates.noindex/ArchiveIntermediates/KejinZhiWang/IntermediateBuildFilesPath/KejinZhiWang.build/Release-iphoneos/KejinZhiWang.build/DerivedSources/arm64 -Xcc -I/Users/runner/Library/Developer/Xcode/DerivedData/KejinZhiWang-amdlcdptztoppfeghpacesdxlyrx/Build/Intermediates.noindex/ArchiveIntermediates/KejinZhiWang/IntermediateBuildFilesPath/KejinZhiWang.build/Release-iphoneos/KejinZhiWang.build/DerivedSources -no-auto-bridging-header-chaining -module-name KejinZhiWang -frontend-parseable-output -disable-clang-spi -clang-target arm64-apple-ios26.5 -target-sdk-version 26.5 -target-sdk-name iphoneos26.5 -in-process-plugin-server-path /Applications/Xcode_26.6.app/Contents/Developer/Toolchains/XcodeDefault.xctoolchain/usr/lib/swift/host/libSwiftInProcPluginServer.dylib -enable-default-cmo -num-threads 3 -o /Users/runner/Library/Developer/Xcode/DerivedData/KejinZhiWang-amdlcdptztoppfeghpacesdxlyrx/Build/Intermediates.noindex/ArchiveIntermediates/KejinZhiWang/IntermediateBuildFilesPath/KejinZhiWang.build/Release-iphoneos/KejinZhiWang.build/Objects-normal/arm64/AccountsView.o -o /Users/runner/Library/Developer/Xcode/DerivedData/KejinZhiWang-amdlcdptztoppfeghpacesdxlyrx/Build/Intermediates.noindex/ArchiveIntermediates/KejinZhiWang/IntermediateBuildFilesPath/KejinZhiWang.build/Release-iphoneos/KejinZhiWang.build/Objects-normal/arm64/AppStore.o -o /Users/runner/Library/Developer/Xcode/DerivedData/KejinZhiWang-amdlcdptztoppfeghpacesdxlyrx/Build/Intermediates.noindex/ArchiveIntermediates/KejinZhiWang/IntermediateBuildFilesPath/KejinZhiWang.build/Release-iphoneos/KejinZhiWang.build/Objects-normal/arm64/BinBuilder.o -o /Users/runner/Library/Developer/Xcode/DerivedData/KejinZhiWang-amdlcdptztoppfeghpacesdxlyrx/Build/Intermediates.noindex/ArchiveIntermediates/KejinZhiWang/IntermediateBuildFilesPath/KejinZhiWang.build/Release-iphoneos/KejinZhiWang.build/Objects-normal/arm64/Bon.o -o /Users/runner/Library/Developer/Xcode/DerivedData/KejinZhiWang-amdlcdptztoppfeghpacesdxlyrx/Build/Intermediates.noindex/ArchiveIntermediates/KejinZhiWang/IntermediateBuildFilesPath/KejinZhiWang.build/Release-iphoneos/KejinZhiWang.build/Objects-normal/arm64/BonCodec.o -o /Users/runner/Library/Developer/Xcode/DerivedData/KejinZhiWang-amdlcdptztoppfeghpacesdxlyrx/Build/Intermediates.noindex/ArchiveIntermediates/KejinZhiWang/IntermediateBuildFilesPath/KejinZhiWang.build/Release-iphoneos/KejinZhiWang.build/Objects-normal/arm64/CodeBookCrypto.o -o /Users/runner/Library/Developer/Xcode/DerivedData/KejinZhiWang-amdlcdptztoppfeghpacesdxlyrx/Build/Intermediates.noindex/ArchiveIntermediates/KejinZhiWang/IntermediateBuildFilesPath/KejinZhiWang.build/Release-iphoneos/KejinZhiWang.build/Objects-normal/arm64/DataIo.o -o /Users/runner/Library/Developer/Xcode/DerivedData/KejinZhiWang-amdlcdptztoppfeghpacesdxlyrx/Build/Intermediates.noindex/ArchiveIntermediates/KejinZhiWang/IntermediateBuildFilesPath/KejinZhiWang.build/Release-iphoneos/KejinZhiWang.build/Objects-normal/arm64/Dialogs.o -o /Users/runner/Library/Developer/Xcode/DerivedData/KejinZhiWang-amdlcdptztoppfeghpacesdxlyrx/Build/Intermediates.noindex/ArchiveIntermediates/KejinZhiWang/IntermediateBuildFilesPath/KejinZhiWang.build/Release-iphoneos/KejinZhiWang.build/Objects-normal/arm64/FileSupport.o -o /Users/runner/Library/Developer/Xcode/DerivedData/KejinZhiWang-amdlcdptztoppfeghpacesdxlyrx/Build/Intermediates.noindex/ArchiveIntermediates/KejinZhiWang/IntermediateBuildFilesPath/KejinZhiWang.build/Release-iphoneos/KejinZhiWang.build/Objects-normal/arm64/GameWebView.o -o /Users/runner/Library/Developer/Xcode/DerivedData/KejinZhiWang-amdlcdptztoppfeghpacesdxlyrx/Build/Intermediates.noindex/ArchiveIntermediates/KejinZhiWang/IntermediateBuildFilesPath/KejinZhiWang.build/Release-iphoneos/KejinZhiWang.build/Objects-normal/arm64/GamesView.o -o /Users/runner/Library/Developer/Xcode/DerivedData/KejinZhiWang-amdlcdptztoppfeghpacesdxlyrx/Build/Intermediates.noindex/ArchiveIntermediates/KejinZhiWang/IntermediateBuildFilesPath/KejinZhiWang.build/Release-iphoneos/KejinZhiWang.build/Objects-normal/arm64/Http.o -o /Users/runner/Library/Developer/Xcode/DerivedData/KejinZhiWang-amdlcdptztoppfeghpacesdxlyrx/Build/Intermediates.noindex/ArchiveIntermediates/KejinZhiWang/IntermediateBuildFilesPath/KejinZhiWang.build/Release-iphoneos/KejinZhiWang.build/Objects-normal/arm64/ImportView.o -o /Users/runner/Library/Developer/Xcode/DerivedData/KejinZhiWang-amdlcdptztoppfeghpacesdxlyrx/Build/Intermediates.noindex/ArchiveIntermediates/KejinZhiWang/IntermediateBuildFilesPath/KejinZhiWang.build/Release-iphoneos/KejinZhiWang.build/Objects-normal/arm64/ImportViewModel.o -o /Users/runner/Library/Developer/Xcode/DerivedData/KejinZhiWang-amdlcdptztoppfeghpacesdxlyrx/Build/Intermediates.noindex/ArchiveIntermediates/KejinZhiWang/IntermediateBuildFilesPath/KejinZhiWang.build/Release-iphoneos/KejinZhiWang.build/Objects-normal/arm64/InjectScripts.o -o /Users/runner/Library/Developer/Xcode/DerivedData/KejinZhiWang-amdlcdptztoppfeghpacesdxlyrx/Build/Intermediates.noindex/ArchiveIntermediates/KejinZhiWang/IntermediateBuildFilesPath/KejinZhiWang.build/Release-iphoneos/KejinZhiWang.build/Objects-normal/arm64/Json.o -o /Users/runner/Library/Developer/Xcode/DerivedData/KejinZhiWang-amdlcdptztoppfeghpacesdxlyrx/Build/Intermediates.noindex/ArchiveIntermediates/KejinZhiWang/IntermediateBuildFilesPath/KejinZhiWang.build/Release-iphoneos/KejinZhiWang.build/Objects-normal/arm64/KejinZhiWangApp.o -o /Users/runner/Library/Developer/Xcode/DerivedData/KejinZhiWang-amdlcdptztoppfeghpacesdxlyrx/Build/Intermediates.noindex/ArchiveIntermediates/KejinZhiWang/IntermediateBuildFilesPath/KejinZhiWang.build/Release-iphoneos/KejinZhiWang.build/Objects-normal/arm64/LocalHttpServer.o -o /Users/runner/Library/Developer/Xcode/DerivedData/KejinZhiWang-amdlcdptztoppfeghpacesdxlyrx/Build/Intermediates.noindex/ArchiveIntermediates/KejinZhiWang/IntermediateBuildFilesPath/KejinZhiWang.build/Release-iphoneos/KejinZhiWang.build/Objects-normal/arm64/Log.o -o /Users/runner/Library/Developer/Xcode/DerivedData/KejinZhiWang-amdlcdptztoppfeghpacesdxlyrx/Build/Intermediates.noindex/ArchiveIntermediates/KejinZhiWang/IntermediateBuildFilesPath/KejinZhiWang.build/Release-iphoneos/KejinZhiWang.build/Objects-normal/arm64/Lz4.o -o /Users/runner/Library/Developer/Xcode/DerivedData/KejinZhiWang-amdlcdptztoppfeghpacesdxlyrx/Build/Intermediates.noindex/ArchiveIntermediates/KejinZhiWang/IntermediateBuildFilesPath/KejinZhiWang.build/Release-iphoneos/KejinZhiWang.build/Objects-normal/arm64/Models.o -o /Users/runner/Library/Developer/Xcode/DerivedData/KejinZhiWang-amdlcdptztoppfeghpacesdxlyrx/Build/Intermediates.noindex/ArchiveIntermediates/KejinZhiWang/IntermediateBuildFilesPath/KejinZhiWang.build/Release-iphoneos/KejinZhiWang.build/Objects-normal/arm64/PresetScripts.o -o /Users/runner/Library/Developer/Xcode/DerivedData/KejinZhiWang-amdlcdptztoppfeghpacesdxlyrx/Build/Intermediates.noindex/ArchiveIntermediates/KejinZhiWang/IntermediateBuildFilesPath/KejinZhiWang.build/Release-iphoneos/KejinZhiWang.build/Objects-normal/arm64/RendererCache.o -o /Users/runner/Library/Developer/Xcode/DerivedData/KejinZhiWang-amdlcdptztoppfeghpacesdxlyrx/Build/Intermediates.noindex/ArchiveIntermediates/KejinZhiWang/IntermediateBuildFilesPath/KejinZhiWang.build/Release-iphoneos/KejinZhiWang.build/Objects-normal/arm64/RootView.o -o /Users/runner/Library/Developer/Xcode/DerivedData/KejinZhiWang-amdlcdptztoppfeghpacesdxlyrx/Build/Intermediates.noindex/ArchiveIntermediates/KejinZhiWang/IntermediateBuildFilesPath/KejinZhiWang.build/Release-iphoneos/KejinZhiWang.build/Objects-normal/arm64/ScriptCache.o -o /Users/runner/Library/Developer/Xcode/DerivedData/KejinZhiWang-amdlcdptztoppfeghpacesdxlyrx/Build/Intermediates.noindex/ArchiveIntermediates/KejinZhiWang/IntermediateBuildFilesPath/KejinZhiWang.build/Release-iphoneos/KejinZhiWang.build/Objects-normal/arm64/ScriptsView.o -o /Users/runner/Library/Developer/Xcode/DerivedData/KejinZhiWang-amdlcdptztoppfeghpacesdxlyrx/Build/Intermediates.noindex/ArchiveIntermediates/KejinZhiWang/IntermediateBuildFilesPath/KejinZhiWang.build/Release-iphoneos/KejinZhiWang.build/Objects-normal/arm64/ServerManager.o -o /Users/runner/Library/Developer/Xcode/DerivedData/KejinZhiWang-amdlcdptztoppfeghpacesdxlyrx/Build/Intermediates.noindex/ArchiveIntermediates/KejinZhiWang/IntermediateBuildFilesPath/KejinZhiWang.build/Release-iphoneos/KejinZhiWang.build/Objects-normal/arm64/Theme.o -o /Users/runner/Library/Developer/Xcode/DerivedData/KejinZhiWang-amdlcdptztoppfeghpacesdxlyrx/Build/Intermediates.noindex/ArchiveIntermediates/KejinZhiWang/IntermediateBuildFilesPath/KejinZhiWang.build/Release-iphoneos/KejinZhiWang.build/Objects-normal/arm64/Toast.o -o /Users/runner/Library/Developer/Xcode/DerivedData/KejinZhiWang-amdlcdptztoppfeghpacesdxlyrx/Build/Intermediates.noindex/ArchiveIntermediates/KejinZhiWang/IntermediateBuildFilesPath/KejinZhiWang.build/Release-iphoneos/KejinZhiWang.build/Objects-normal/arm64/UpdateChecker.o -o /Users/runner/Library/Developer/Xcode/DerivedData/KejinZhiWang-amdlcdptztoppfeghpacesdxlyrx/Build/Intermediates.noindex/ArchiveIntermediates/KejinZhiWang/IntermediateBuildFilesPath/KejinZhiWang.build/Release-iphoneos/KejinZhiWang.build/Objects-normal/arm64/WxLogin.o -o /Users/runner/Library/Developer/Xcode/DerivedData/KejinZhiWang-amdlcdptztoppfeghpacesdxlyrx/Build/Intermediates.noindex/ArchiveIntermediates/KejinZhiWang/IntermediateBuildFilesPath/KejinZhiWang.build/Release-iphoneos/KejinZhiWang.build/Objects-normal/arm64/XyCrypto.o -o /Users/runner/Library/Developer/Xcode/DerivedData/KejinZhiWang-amdlcdptztoppfeghpacesdxlyrx/Build/Intermediates.noindex/ArchiveIntermediates/KejinZhiWang/IntermediateBuildFilesPath/KejinZhiWang.build/Release-iphoneos/KejinZhiWang.build/Objects-normal/arm64/XyEndpoints.o -o /Users/runner/Library/Developer/Xcode/DerivedData/KejinZhiWang-amdlcdptztoppfeghpacesdxlyrx/Build/Intermediates.noindex/ArchiveIntermediates/KejinZhiWang/IntermediateBuildFilesPath/KejinZhiWang.build/Release-iphoneos/KejinZhiWang.build/Objects-normal/arm64/GeneratedAssetSymbols.o -index-unit-output-path /KejinZhiWang.build/Release-iphoneos/KejinZhiWang.build/Objects-normal/arm64/AccountsView.o -index-unit-output-path /KejinZhiWang.build/Release-iphoneos/KejinZhiWang.build/Objects-normal/arm64/AppStore.o -index-unit-output-path /KejinZhiWang.build/Release-iphoneos/KejinZhiWang.build/Objects-normal/arm64/BinBuilder.o -index-unit-output-path /KejinZhiWang.build/Release-iphoneos/KejinZhiWang.build/Objects-normal/arm64/Bon.o -index-unit-output-path /KejinZhiWang.build/Release-iphoneos/KejinZhiWang.build/Objects-normal/arm64/BonCodec.o -index-unit-output-path /KejinZhiWang.build/Release-iphoneos/KejinZhiWang.build/Objects-normal/arm64/CodeBookCrypto.o -index-unit-output-path /KejinZhiWang.build/Release-iphoneos/KejinZhiWang.build/Objects-normal/arm64/DataIo.o -index-unit-output-path /KejinZhiWang.build/Release-iphoneos/KejinZhiWang.build/Objects-normal/arm64/Dialogs.o -index-unit-output-path /KejinZhiWang.build/Release-iphoneos/KejinZhiWang.build/Objects-normal/arm64/FileSupport.o -index-unit-output-path /KejinZhiWang.build/Release-iphoneos/KejinZhiWang.build/Objects-normal/arm64/GameWebView.o -index-unit-output-path /KejinZhiWang.build/Release-iphoneos/KejinZhiWang.build/Objects-normal/arm64/GamesView.o -index-unit-output-path /KejinZhiWang.build/Release-iphoneos/KejinZhiWang.build/Objects-normal/arm64/Http.o -index-unit-output-path /KejinZhiWang.build/Release-iphoneos/KejinZhiWang.build/Objects-normal/arm64/ImportView.o -index-unit-output-path /KejinZhiWang.build/Release-iphoneos/KejinZhiWang.build/Objects-normal/arm64/ImportViewModel.o -index-unit-output-path /KejinZhiWang.build/Release-iphoneos/KejinZhiWang.build/Objects-normal/arm64/InjectScripts.o -index-unit-output-path /KejinZhiWang.build/Release-iphoneos/KejinZhiWang.build/Objects-normal/arm64/Json.o -index-unit-output-path /KejinZhiWang.build/Release-iphoneos/KejinZhiWang.build/Objects-normal/arm64/KejinZhiWangApp.o -index-unit-output-path /KejinZhiWang.build/Release-iphoneos/KejinZhiWang.build/Objects-normal/arm64/LocalHttpServer.o -index-unit-output-path /KejinZhiWang.build/Release-iphoneos/KejinZhiWang.build/Objects-normal/arm64/Log.o -index-unit-output-path /KejinZhiWang.build/Release-iphoneos/KejinZhiWang.build/Objects-normal/arm64/Lz4.o -index-unit-output-path /KejinZhiWang.build/Release-iphoneos/KejinZhiWang.build/Objects-normal/arm64/Models.o -index-unit-output-path /KejinZhiWang.build/Release-iphoneos/KejinZhiWang.build/Objects-normal/arm64/PresetScripts.o -index-unit-output-path /KejinZhiWang.build/Release-iphoneos/KejinZhiWang.build/Objects-normal/arm64/RendererCache.o -index-unit-output-path /KejinZhiWang.build/Release-iphoneos/KejinZhiWang.build/Objects-normal/arm64/RootView.o -index-unit-output-path /KejinZhiWang.build/Release-iphoneos/KejinZhiWang.build/Objects-normal/arm64/ScriptCache.o -index-unit-output-path /KejinZhiWang.build/Release-iphoneos/KejinZhiWang.build/Objects-normal/arm64/ScriptsView.o -index-unit-output-path /KejinZhiWang.build/Release-iphoneos/KejinZhiWang.build/Objects-normal/arm64/ServerManager.o -index-unit-output-path /KejinZhiWang.build/Release-iphoneos/KejinZhiWang.build/Objects-normal/arm64/Theme.o -index-unit-output-path /KejinZhiWang.build/Release-iphoneos/KejinZhiWang.build/Objects-normal/arm64/Toast.o -index-unit-output-path /KejinZhiWang.build/Release-iphoneos/KejinZhiWang.build/Objects-normal/arm64/UpdateChecker.o -index-unit-output-path /KejinZhiWang.build/Release-iphoneos/KejinZhiWang.build/Objects-normal/arm64/WxLogin.o -index-unit-output-path /KejinZhiWang.build/Release-iphoneos/KejinZhiWang.build/Objects-normal/arm64/XyCrypto.o -index-unit-output-path /KejinZhiWang.build/Release-iphoneos/KejinZhiWang.build/Objects-normal/arm64/XyEndpoints.o -index-unit-output-path /KejinZhiWang.build/Release-iphoneos/KejinZhiWang.build/Objects-normal/arm64/GeneratedAssetSymbols.o
2026-09-04T06:59:14.9931630Z ##[error]Process completed with exit code 65.
2026-09-04T06:59:15.0159320Z Node 20 is being deprecated. This workflow is running with Node 24 by default. If you need to temporarily use Node 20, you can set the ACTIONS_ALLOW_USE_UNSECURE_NODE_VERSION=true environment variable. For more information see: https://github.blog/changelog/2025-09-19-deprecation-of-node-20-on-github-actions-runners/
2026-09-04T06:59:15.0162440Z Post job cleanup.
2026-09-04T06:59:15.5554580Z [command]/opt/homebrew/bin/git version
2026-09-04T06:59:15.5881210Z git version 2.55.0
2026-09-04T06:59:15.6067780Z Copying '/Users/runner/.gitconfig' to '/Users/runner/work/_temp/c80b9607-d100-44d3-a212-fa93a8783e42/.gitconfig'
2026-09-04T06:59:15.6068860Z Temporarily overriding HOME='/Users/runner/work/_temp/c80b9607-d100-44d3-a212-fa93a8783e42' before making global git config changes
2026-09-04T06:59:15.6069530Z Adding repository directory to the temporary git global config as a safe directory
2026-09-04T06:59:15.6070300Z [command]/opt/homebrew/bin/git config --global --add safe.directory /Users/runner/work/kejinzhiwang-ios/kejinzhiwang-ios
2026-09-04T06:59:15.6249160Z [command]/opt/homebrew/bin/git config --local --name-only --get-regexp core\.sshCommand
2026-09-04T06:59:15.6346500Z [command]/opt/homebrew/bin/git submodule foreach --recursive sh -c "git config --local --name-only --get-regexp 'core\.sshCommand' && git config --local --unset-all 'core.sshCommand' || :"
2026-09-04T06:59:15.8422730Z [command]/opt/homebrew/bin/git config --local --name-only --get-regexp http\.https\:\/\/github\.com\/\.extraheader
2026-09-04T06:59:15.8602520Z http.https://github.com/.extraheader
2026-09-04T06:59:15.8630110Z [command]/opt/homebrew/bin/git config --local --unset-all http.https://github.com/.extraheader
2026-09-04T06:59:15.8785800Z [command]/opt/homebrew/bin/git submodule foreach --recursive sh -c "git config --local --name-only --get-regexp 'http\.https\:\/\/github\.com\/\.extraheader' && git config --local --unset-all 'http.https://github.com/.extraheader' || :"
2026-09-04T06:59:16.0255850Z [command]/opt/homebrew/bin/git config --local --name-only --get-regexp ^includeIf\.gitdir:
2026-09-04T06:59:16.0328440Z [command]/opt/homebrew/bin/git submodule foreach --recursive git config --local --show-origin --name-only --get-regexp remote.origin.url
2026-09-04T06:59:16.1987150Z Cleaning up orphan processes
2026-09-04T06:59:17.3491190Z Terminate orphan process: pid (1669) (ibtoold)
2026-09-04T06:59:17.7767260Z ##[warning]Node.js 20 is deprecated. The following actions target Node.js 20 but are being forced to run on Node.js 24: actions/checkout@v4. For more information see: https://github.blog/changelog/2025-09-19-deprecation-of-node-20-on-github-actions-runners/
